일시,평균기온,최고기온,최저기온,일교차,강수량,MA7,MA30,월,연도,캠핑적합
2023-01-01,-0.8,6.0,-6.0,12.0,0.0,,,1,2023,False
2023-01-02,-3.3,1.9,-6.6,8.5,0.0,,,1,2023,False
2023-01-03,-3.7,2.6,-9.3,11.9,0.0,,,1,2023,False
2023-01-04,-1.8,5.1,-7.4,12.5,0.0,,,1,2023,False
2023-01-05,-1.5,4.0,-6.2,10.2,0.0,,,1,2023,False
2023-01-06,0.8,6.3,-4.4,10.7,0.7,,,1,2023,False
2023-01-07,2.9,6.3,-1.7,8.0,0.0,-1.0571428571428572,,1,2023,False
2023-01-08,0.6,7.0,-4.7,11.7,0.0,-0.8571428571428571,,1,2023,False
2023-01-09,1.7,8.7,-2.2,10.9,0.0,-0.14285714285714293,,1,2023,False
2023-01-10,0.7,8.7,-5.3,14.0,0.0,0.48571428571428565,,1,2023,False
2023-01-11,1.8,9.9,-4.3,14.2,0.0,1.0,,1,2023,False
2023-01-12,4.9,13.2,-3.0,16.2,0.1,1.9142857142857144,,1,2023,False
2023-01-13,8.7,13.0,4.7,8.3,17.5,3.042857142857143,,1,2023,False
2023-01-14,7.2,8.8,5.5,3.3,4.8,3.657142857142857,,1,2023,False
2023-01-15,0.3,5.6,-3.0,8.6,1.0,3.6142857142857143,,1,2023,False
2023-01-16,-3.3,0.4,-6.1,6.5,0.0,2.9,,1,2023,False
2023-01-17,-2.5,2.1,-7.0,9.1,0.0,2.4428571428571426,,1,2023,False
2023-01-18,-0.9,3.9,-3.8,7.7,0.0,2.0571428571428574,,1,2023,False
2023-01-19,0.5,5.0,-5.3,10.3,0.0,1.4285714285714286,,1,2023,False
2023-01-20,-2.0,3.7,-7.4,11.1,0.5,-0.09999999999999996,,1,2023,False
2023-01-21,-3.7,1.9,-9.0,10.9,0.0,-1.6571428571428573,,1,2023,False
2023-01-22,-0.4,3.8,-4.1,7.9,0.0,-1.757142857142857,,1,2023,False
2023-01-23,0.3,7.2,-3.4,10.6,0.0,-1.242857142857143,,1,2023,False
2023-01-24,-11.4,-3.4,-14.4,11.0,0.2,-2.5142857142857147,,1,2023,False
2023-01-25,-11.5,-5.2,-17.5,12.3,0.0,-4.028571428571429,,1,2023,False
2023-01-26,-6.9,-4.6,-11.7,7.1,1.5,-5.085714285714286,,1,2023,False
2023-01-27,-6.8,-3.4,-11.3,7.9,0.0,-5.771428571428571,,1,2023,False
2023-01-28,-5.9,-0.6,-12.2,11.6,0.0,-6.085714285714286,,1,2023,False
2023-01-29,-1.7,4.5,-9.9,14.4,0.0,-6.271428571428571,,1,2023,False
2023-01-30,-0.9,4.4,-6.2,10.6,0.0,-6.442857142857142,-1.2866666666666666,1,2023,False
2023-01-31,1.8,9.3,-6.8,16.1,0.0,-4.557142857142857,-1.2,1,2023,False
2023-02-01,0.8333333333333333,7.566666666666667,-5.833333333333333,13.4,0.0,-2.795238095238095,-1.0622222222222222,2,2023,False
2023-02-02,-0.13333333333333353,5.833333333333334,-4.866666666666666,10.7,0.0,-1.8285714285714287,-0.9433333333333334,2,2023,False
2023-02-03,-1.1,4.1,-3.9,8.0,0.0,-1.0142857142857145,-0.92,2,2023,False
2023-02-04,-1.1,6.0,-7.5,13.5,0.0,-0.3285714285714286,-0.9066666666666666,2,2023,False
2023-02-05,0.0,7.5,-6.4,13.9,0.0,-0.08571428571428576,-0.9333333333333333,2,2023,False
2023-02-06,1.8,8.9,-4.8,13.7,0.0,0.29999999999999993,-0.9700000000000001,2,2023,False
2023-02-07,2.5,10.3,-2.5,12.8,0.0,0.39999999999999997,-0.9066666666666666,2,2023,False
2023-02-08,1.5,9.1,-4.3,13.4,0.0,0.49523809523809526,-0.9133333333333333,2,2023,False
2023-02-09,3.1,10.5,-4.7,15.2,0.9,0.9571428571428572,-0.8333333333333335,2,2023,False
2023-02-10,3.2,6.9,-0.3,7.2,2.9,1.5714285714285714,-0.7866666666666666,2,2023,False
2023-02-11,0.2,4.3,-3.0,7.3,0.0,1.757142857142857,-0.9433333333333334,2,2023,False
2023-02-12,1.1,4.5,-2.9,7.4,0.0,1.9142857142857144,-1.1966666666666665,2,2023,False
2023-02-13,5.8,9.8,2.7,7.1,0.0,2.4857142857142853,-1.2433333333333334,2,2023,False
2023-02-14,1.2,7.1,-2.2,9.3,0.0,2.3000000000000003,-1.2133333333333334,2,2023,False
2023-02-15,2.7,7.5,-2.4,9.9,0.0,2.4714285714285715,-1.0133333333333334,2,2023,False
2023-02-16,2.6,7.4,-1.4,8.8,0.0,2.4,-0.8433333333333334,2,2023,False
2023-02-17,3.9,9.7,-2.3,12.0,0.0,2.5,-0.6833333333333333,2,2023,False
2023-02-18,6.1,8.5,4.7,3.8,0.1,3.3428571428571425,-0.49666666666666676,2,2023,False
2023-02-19,3.2,7.5,-1.4,8.9,0.2,3.642857142857143,-0.32333333333333336,2,2023,False
2023-02-20,-0.7,4.8,-4.4,9.2,0.0,2.714285714285715,-0.22333333333333333,2,2023,False
2023-02-21,-1.5,4.7,-6.4,11.1,0.0,2.3285714285714287,-0.26,2,2023,False
2023-02-22,1.5,9.5,-6.6,16.1,0.0,2.157142857142857,-0.22000000000000006,2,2023,False
2023-02-23,2.9,9.4,-3.4,12.8,0.0,2.2,0.25666666666666665,2,2023,False
2023-02-24,2.6,9.2,-1.9,11.1,0.0,2.0142857142857142,0.7266666666666667,2,2023,False
2023-02-25,0.2,6.0,-4.6,10.6,0.0,1.1714285714285715,0.9633333333333334,2,2023,False
2023-02-26,1.5,10.4,-5.8,16.2,0.0,0.9285714285714286,1.24,2,2023,False
2023-02-27,3.8,13.7,-4.7,18.4,0.0,1.5714285714285714,1.5633333333333332,2,2023,False
2023-02-28,5.0,13.2,-3.7,16.9,0.0,2.5,1.7866666666666664,2,2023,False
2023-03-01,5.8,10.2,2.3,7.9,0.0,3.1142857142857143,2.0100000000000002,3,2023,False
2023-03-02,2.1,6.7,-1.8,8.5,0.0,2.9999999999999996,2.02,3,2023,False
2023-03-03,3.5,12.8,-5.6,18.4,0.0,3.1285714285714286,2.108888888888889,3,2023,False
2023-03-04,6.1,13.7,-0.4,14.1,0.0,3.9714285714285715,2.316666666666667,3,2023,False
2023-03-05,7.4,16.4,-0.5,16.9,0.0,4.814285714285715,2.6,3,2023,False
2023-03-06,8.1,17.4,-0.9,18.3,0.0,5.428571428571429,2.9066666666666667,3,2023,False
2023-03-07,11.3,20.6,3.2,17.4,0.0,6.328571428571428,3.283333333333333,3,2023,True
2023-03-08,13.8,20.5,7.5,13.0,0.0,7.471428571428572,3.683333333333333,3,2023,True
2023-03-09,14.0,20.3,7.7,12.6,0.0,9.171428571428573,4.066666666666666,3,2023,True
2023-03-10,13.5,22.8,4.0,18.8,0.0,10.6,4.466666666666667,3,2023,True
2023-03-11,16.0,24.3,7.8,16.5,0.0,12.014285714285714,4.8966666666666665,3,2023,True
2023-03-12,6.4,14.3,0.6,13.7,9.1,11.871428571428572,5.003333333333334,3,2023,False
2023-03-13,3.2,9.3,-2.2,11.5,0.0,11.171428571428569,5.1033333333333335,3,2023,False
2023-03-14,8.5,16.6,-0.5,17.1,0.0,10.771428571428572,5.35,3,2023,False
2023-03-15,11.0,18.4,3.7,14.7,0.0,10.37142857142857,5.5233333333333325,3,2023,True
2023-03-16,5.8,11.0,1.6,9.4,0.0,9.200000000000001,5.676666666666667,3,2023,False
2023-03-17,6.9,11.9,1.7,10.2,0.0,8.257142857142858,5.816666666666666,3,2023,False
2023-03-18,8.3,15.7,3.8,11.9,0.0,7.1571428571428575,6.006666666666666,3,2023,False
2023-03-19,7.9,16.4,-0.5,16.9,0.0,7.371428571428572,6.140000000000001,3,2023,False
2023-03-20,9.7,18.7,1.4,17.3,0.0,8.3,6.26,3,2023,False
2023-03-21,12.8,22.3,3.2,19.1,0.0,8.914285714285715,6.58,3,2023,True
2023-03-22,16.6,25.0,6.6,18.4,0.0,9.714285714285714,7.156666666666666,3,2023,True
2023-03-23,14.4,20.4,10.1,10.3,9.4,10.942857142857145,7.6866666666666665,3,2023,False
2023-03-24,11.7,18.3,5.8,12.5,0.0,11.628571428571428,8.026666666666666,3,2023,True
2023-03-25,10.8,13.3,7.9,5.4,0.0,11.985714285714286,8.290000000000001,3,2023,True
2023-03-26,8.9,15.0,3.7,11.3,0.0,12.128571428571428,8.5,3,2023,False
2023-03-27,6.8,14.6,-1.1,15.7,0.0,11.714285714285714,8.72,3,2023,False
2023-03-28,8.1,15.6,0.4,15.2,0.0,11.042857142857143,8.94,3,2023,False
2023-03-29,11.3,20.4,1.8,18.6,0.0,10.285714285714286,9.19,3,2023,True
2023-03-30,13.3,22.3,3.8,18.5,0.0,10.12857142857143,9.466666666666667,3,2023,True
2023-03-31,14.1,23.5,4.7,18.8,0.0,10.471428571428572,9.743333333333332,3,2023,True
2023-04-01,16.1,24.8,6.1,18.7,0.0,11.228571428571428,10.21,4,2023,True
2023-04-02,16.9,22.4,10.6,11.8,0.0,12.37142857142857,10.656666666666666,4,2023,True
2023-04-03,16.8,22.9,8.4,14.5,0.0,13.799999999999999,11.013333333333332,4,2023,True
2023-04-04,15.1,22.1,11.0,11.1,8.4,14.8,11.270000000000001,4,2023,False
2023-04-05,12.1,15.9,8.2,7.7,15.6,14.914285714285715,11.403333333333332,4,2023,False
2023-04-06,8.8,10.5,6.8,3.7,3.0,14.27142857142857,11.319999999999999,4,2023,False
2023-04-07,8.3,15.9,2.1,13.8,0.0,13.442857142857141,11.136666666666667,4,2023,False
2023-04-08,7.9,15.5,0.1,15.4,0.0,12.271428571428572,10.933333333333334,4,2023,False
2023-04-09,9.6,18.7,1.9,16.8,0.0,11.228571428571428,10.803333333333335,4,2023,False
2023-04-10,11.9,20.4,2.6,17.8,0.0,10.528571428571428,10.666666666666666,4,2023,True
2023-04-11,14.8,20.1,9.7,10.4,1.2,10.485714285714286,10.946666666666665,4,2023,False
2023-04-12,10.5,17.2,3.4,13.8,0.0,10.257142857142856,11.19,4,2023,True
2023-04-13,12.6,23.0,2.8,20.2,0.0,10.8,11.326666666666666,4,2023,True
2023-04-14,15.4,21.9,7.8,14.1,0.0,11.814285714285715,11.473333333333333,4,2023,True
2023-04-15,12.3,15.7,7.4,8.3,8.1,12.442857142857145,11.69,4,2023,False
2023-04-16,9.9,15.8,6.5,9.3,0.3,12.485714285714284,11.79,4,2023,False
2023-04-17,12.5,20.5,3.7,16.8,0.0,12.571428571428571,11.93,4,2023,True
2023-04-18,13.4,14.7,11.2,3.5,10.1,12.371428571428572,12.113333333333335,4,2023,False
2023-04-19,19.4,27.4,12.9,14.5,0.0,13.642857142857142,12.436666666666666,4,2023,True
2023-04-20,18.8,25.0,14.2,10.8,0.0,14.528571428571428,12.636666666666667,4,2023,True
2023-04-21,17.1,22.5,13.5,9.0,0.0,14.771428571428572,12.653333333333334,4,2023,True
2023-04-22,16.0,21.0,11.3,9.7,0.0,15.299999999999999,12.706666666666669,4,2023,True
2023-04-23,15.9,21.0,11.6,9.4,0.0,16.15714285714286,12.846666666666666,4,2023,True
2023-04-24,14.6,19.9,10.2,9.7,0.0,16.45714285714286,12.973333333333334,4,2023,True
2023-04-25,9.2,11.0,6.6,4.4,0.4,15.857142857142858,12.983333333333333,4,2023,False
2023-04-26,8.5,14.6,4.7,9.9,0.0,14.299999999999999,13.04,4,2023,False
2023-04-27,12.0,21.9,2.1,19.8,0.0,13.328571428571427,13.17,4,2023,True
2023-04-28,15.6,22.7,6.0,16.7,0.0,13.114285714285714,13.313333333333333,4,2023,True
2023-04-29,13.6,18.4,8.7,9.7,1.7,12.771428571428572,13.323333333333332,4,2023,False
2023-04-30,12.8,19.7,5.7,14.0,0.0,12.328571428571427,13.280000000000001,4,2023,True
2023-05-01,14.0,20.6,7.3,13.3,0.0,12.242857142857144,13.21,5,2023,True
2023-05-02,16.4,25.4,6.3,19.1,0.0,13.271428571428572,13.193333333333333,5,2023,True
2023-05-03,18.5,25.3,10.1,15.2,0.0,14.700000000000001,13.25,5,2023,True
2023-05-04,19.7,25.9,14.7,11.2,2.5,15.799999999999999,13.403333333333332,5,2023,False
2023-05-05,18.9,20.9,16.3,4.6,72.8,16.271428571428572,13.63,5,2023,False
2023-05-06,14.4,19.7,11.8,7.9,42.7,16.385714285714283,13.816666666666666,5,2023,False
2023-05-07,12.1,14.7,8.2,6.5,0.5,16.285714285714285,13.943333333333333,5,2023,True
2023-05-08,13.1,22.0,5.2,16.8,0.0,16.157142857142855,14.116666666666667,5,2023,True
2023-05-09,15.5,24.8,6.1,18.7,0.0,16.02857142857143,14.313333333333333,5,2023,True
2023-05-10,16.6,25.0,8.8,16.2,0.0,15.757142857142854,14.47,5,2023,True
2023-05-11,18.1,26.6,9.5,17.1,0.0,15.528571428571428,14.580000000000002,5,2023,True
2023-05-12,17.4,24.1,11.1,13.0,0.0,15.314285714285713,14.81,5,2023,True
2023-05-13,17.5,23.6,12.2,11.4,0.0,15.757142857142858,14.973333333333333,5,2023,True
2023-05-14,17.3,25.0,8.9,16.1,0.0,16.5,15.036666666666667,5,2023,True
2023-05-15,19.7,27.6,10.2,17.4,0.0,17.442857142857143,15.283333333333333,5,2023,True
2023-05-16,22.6,30.2,14.7,15.5,0.0,18.457142857142856,15.706666666666669,5,2023,True
2023-05-17,22.6,29.8,15.3,14.5,0.0,19.314285714285717,16.043333333333333,5,2023,True
2023-05-18,19.1,21.9,17.7,4.2,0.0,19.457142857142856,16.233333333333334,5,2023,True
2023-05-19,20.4,25.6,15.5,10.1,0.0,19.885714285714283,16.266666666666666,5,2023,True
2023-05-20,20.1,27.1,14.5,12.6,0.0,20.25714285714286,16.31,5,2023,True
2023-05-21,18.1,23.7,15.4,8.3,0.0,20.37142857142857,16.34333333333333,5,2023,True
2023-05-22,17.2,22.8,13.9,8.9,0.5,20.014285714285716,16.383333333333333,5,2023,True
2023-05-23,17.8,25.0,10.9,14.1,0.0,19.32857142857143,16.446666666666665,5,2023,True
2023-05-24,19.3,26.5,11.6,14.9,0.0,18.857142857142858,16.60333333333333,5,2023,True
2023-05-25,20.4,26.8,14.2,12.6,0.0,19.042857142857144,16.976666666666667,5,2023,True
2023-05-26,21.2,26.1,15.3,10.8,0.0,19.157142857142855,17.4,5,2023,True
2023-05-27,19.9,21.6,18.4,3.2,6.3,19.12857142857143,17.663333333333334,5,2023,False
2023-05-28,20.0,21.8,18.0,3.8,42.9,19.400000000000002,17.81,5,2023,False
2023-05-29,20.6,22.7,19.1,3.6,26.0,19.885714285714283,18.043333333333333,5,2023,False
2023-05-30,21.5,26.0,17.5,8.5,0.0,20.41428571428571,18.333333333333332,5,2023,True
2023-05-31,22.0,27.7,17.3,10.4,0.0,20.8,18.6,5,2023,True
2023-06-01,21.7,26.0,17.3,8.7,0.0,20.985714285714288,18.776666666666667,6,2023,True
2023-06-02,20.9,25.9,17.0,8.9,0.0,20.942857142857143,18.85666666666667,6,2023,True
2023-06-03,21.1,26.9,14.9,12.0,0.0,21.11428571428571,18.903333333333332,6,2023,True
2023-06-04,21.9,28.2,15.3,12.9,0.0,21.385714285714283,19.003333333333334,6,2023,True
2023-06-05,20.9,26.4,16.3,10.1,0.0,21.428571428571427,19.220000000000002,6,2023,True
2023-06-06,20.3,27.3,14.6,12.7,0.0,21.25714285714286,19.493333333333332,6,2023,True
2023-06-07,21.3,26.1,16.0,10.1,0.0,21.157142857142855,19.766666666666666,6,2023,True
2023-06-08,21.6,27.1,18.1,9.0,0.0,21.142857142857142,19.970000000000002,6,2023,True
2023-06-09,23.1,29.5,18.6,10.9,0.0,21.45714285714286,20.186666666666664,6,2023,True
2023-06-10,23.4,30.6,19.0,11.6,0.0,21.785714285714285,20.363333333333337,6,2023,True
2023-06-11,22.8,29.4,17.9,11.5,0.0,21.914285714285715,20.543333333333333,6,2023,True
2023-06-12,22.6,29.0,16.7,12.3,0.0,22.157142857142855,20.71333333333333,6,2023,True
2023-06-13,22.2,28.1,17.8,10.3,0.0,22.428571428571434,20.876666666666665,6,2023,True
2023-06-14,21.7,27.7,16.2,11.5,0.0,22.485714285714288,20.94333333333333,6,2023,True
2023-06-15,21.8,27.9,15.5,12.4,0.0,22.514285714285716,20.916666666666668,6,2023,True
2023-06-16,23.6,31.3,16.3,15.0,0.0,22.585714285714285,20.95,6,2023,True
2023-06-17,24.1,31.6,17.3,14.3,0.0,22.685714285714287,21.116666666666667,6,2023,True
2023-06-18,25.1,32.9,18.4,14.5,0.0,23.014285714285712,21.273333333333333,6,2023,False
2023-06-19,26.2,33.3,19.1,14.2,0.0,23.528571428571432,21.476666666666667,6,2023,False
2023-06-20,23.5,27.5,19.8,7.7,8.6,23.714285714285715,21.656666666666663,6,2023,False
2023-06-21,20.8,23.3,19.8,3.5,7.7,23.585714285714285,21.776666666666667,6,2023,False
2023-06-22,22.5,27.7,19.0,8.7,0.0,23.685714285714283,21.933333333333334,6,2023,True
2023-06-23,24.9,31.1,18.7,12.4,0.0,23.87142857142857,22.12,6,2023,True
2023-06-24,26.2,32.2,20.7,11.5,0.0,24.17142857142857,22.313333333333336,6,2023,False
2023-06-25,26.3,31.6,20.1,11.5,0.0,24.342857142857145,22.483333333333334,6,2023,False
2023-06-26,23.8,26.2,21.3,4.9,46.4,24.0,22.613333333333333,6,2023,False
2023-06-27,25.5,30.5,22.1,8.4,7.1,24.285714285714285,22.796666666666667,6,2023,False
2023-06-28,23.6,26.7,19.0,7.7,1.9,24.685714285714287,22.896666666666665,6,2023,False
2023-06-29,24.3,25.1,23.2,1.9,31.9,24.942857142857147,22.990000000000002,6,2023,False
2023-06-30,24.3,27.2,23.1,4.1,9.0,24.857142857142858,23.066666666666666,6,2023,False
2023-07-01,26.8,32.7,22.7,10.0,0.0,24.942857142857147,23.236666666666665,7,2023,False
2023-07-02,27.0,31.4,23.4,8.0,0.0,25.042857142857144,23.439999999999998,7,2023,False
2023-07-03,27.7,33.3,23.5,9.8,0.0,25.599999999999998,23.66,7,2023,False
2023-07-04,24.7,26.9,23.4,3.5,59.2,25.485714285714288,23.753333333333334,7,2023,False
2023-07-05,24.5,28.5,22.0,6.5,18.8,25.614285714285717,23.873333333333335,7,2023,False
2023-07-06,25.7,31.2,20.2,11.0,0.0,25.814285714285713,24.053333333333335,7,2023,False
2023-07-07,21.5,25.6,19.2,6.4,55.2,25.414285714285715,24.06,7,2023,False
2023-07-08,24.1,29.3,19.3,10.0,0.8,25.02857142857143,24.14333333333333,7,2023,True
2023-07-09,26.1,30.4,23.4,7.0,0.3,24.900000000000002,24.243333333333336,7,2023,False
2023-07-10,26.1,31.0,20.1,10.9,55.6,24.671428571428574,24.333333333333332,7,2023,False
2023-07-11,23.9,26.6,22.6,4.0,16.5,24.557142857142853,24.37,7,2023,False
2023-07-12,26.2,30.5,23.8,6.7,6.2,24.8,24.49,7,2023,False
2023-07-13,25.1,26.3,24.3,2.0,18.2,24.714285714285715,24.586666666666666,7,2023,False
2023-07-14,24.5,25.3,23.2,2.1,182.7,25.142857142857142,24.68,7,2023,False
2023-07-15,22.8,24.5,21.4,3.1,283.7,24.95714285714286,24.713333333333335,7,2023,False
2023-07-16,24.0,27.7,21.6,6.1,1.4,24.657142857142862,24.72666666666667,7,2023,False
2023-07-17,25.2,30.3,23.0,7.3,10.4,24.52857142857143,24.763333333333332,7,2023,False
2023-07-18,23.2,24.5,22.4,2.1,100.0,24.428571428571427,24.7,7,2023,False
2023-07-19,25.6,31.1,21.9,9.2,0.0,24.342857142857145,24.680000000000003,7,2023,False
2023-07-20,26.0,31.9,21.1,10.8,0.0,24.47142857142857,24.763333333333335,7,2023,False
2023-07-21,27.1,33.7,23.5,10.2,0.0,24.842857142857145,24.973333333333333,7,2023,False
2023-07-22,25.4,28.9,23.2,5.7,0.6,25.214285714285715,25.07,7,2023,False
2023-07-23,25.0,26.8,23.9,2.9,27.4,25.357142857142858,25.073333333333334,7,2023,False
2023-07-24,25.8,30.4,23.7,6.7,8.0,25.442857142857143,25.06,7,2023,False
2023-07-25,25.3,29.3,22.9,6.4,7.0,25.74285714285714,25.026666666666664,7,2023,False
2023-07-26,25.2,31.9,22.9,9.0,13.4,25.685714285714283,25.073333333333334,7,2023,False
2023-07-27,27.1,33.4,23.1,10.3,0.0,25.842857142857145,25.12666666666667,7,2023,False
2023-07-28,28.6,34.1,23.6,10.5,0.0,26.057142857142857,25.293333333333337,7,2023,False
2023-07-29,29.1,34.5,24.6,9.9,0.0,26.585714285714285,25.45333333333333,7,2023,False
2023-07-30,27.5,33.7,24.3,9.4,1.1,26.942857142857143,25.56,7,2023,False
2023-07-31,27.5,31.8,24.1,7.7,0.0,27.185714285714287,25.583333333333332,7,2023,False
2023-08-01,29.2,34.8,24.2,10.6,0.0,27.74285714285714,25.65666666666667,8,2023,False
2023-08-02,28.8,34.1,24.9,9.2,0.0,28.25714285714286,25.69333333333333,8,2023,False
2023-08-03,28.9,34.4,23.1,11.3,0.0,28.514285714285712,25.833333333333332,8,2023,False
2023-08-04,29.5,35.0,25.0,10.0,0.0,28.642857142857142,26.0,8,2023,False
2023-08-05,29.2,34.8,25.2,9.6,0.0,28.657142857142855,26.116666666666667,8,2023,False
2023-08-06,29.2,35.9,24.1,11.8,0.0,28.900000000000002,26.373333333333335,8,2023,False
2023-08-07,29.5,35.4,24.7,10.7,0.0,29.185714285714287,26.553333333333335,8,2023,False
2023-08-08,30.2,34.9,25.4,9.5,0.0,29.32857142857143,26.689999999999998,8,2023,False
2023-08-09,26.9,31.2,23.3,7.9,21.4,29.057142857142857,26.716666666666665,8,2023,False
2023-08-10,21.6,23.3,20.8,2.5,162.9,28.014285714285712,26.639999999999997,8,2023,False
2023-08-11,25.1,29.5,21.2,8.3,4.8,27.385714285714283,26.603333333333335,8,2023,False
2023-08-12,24.1,28.8,20.2,8.6,1.9,26.657142857142862,26.57,8,2023,False
2023-08-13,26.7,32.1,23.2,8.9,0.0,26.3,26.643333333333334,8,2023,False
2023-08-14,27.7,33.9,23.6,10.3,0.0,26.04285714285714,26.806666666666665,8,2023,False
2023-08-15,27.8,32.1,23.6,8.5,0.0,25.7,26.933333333333334,8,2023,False
2023-08-16,26.6,31.6,23.7,7.9,0.0,25.657142857142855,26.98,8,2023,False
2023-08-17,26.7,32.7,21.5,11.2,0.0,26.385714285714283,27.096666666666668,8,2023,False
2023-08-18,28.0,33.4,24.6,8.8,0.0,26.800000000000004,27.176666666666666,8,2023,False
2023-08-19,28.1,33.6,24.0,9.6,0.0,27.37142857142857,27.246666666666666,8,2023,False
2023-08-20,28.1,33.3,24.4,8.9,0.0,27.571428571428573,27.280000000000005,8,2023,False
2023-08-21,28.4,33.5,24.7,8.8,0.0,27.671428571428574,27.38,8,2023,False
2023-08-22,26.9,32.1,23.8,8.3,45.2,27.542857142857144,27.44333333333333,8,2023,False
2023-08-23,26.2,31.0,23.9,7.1,10.6,27.485714285714288,27.456666666666667,8,2023,False
2023-08-24,25.3,30.1,23.8,6.3,23.1,27.285714285714285,27.456666666666667,8,2023,False
2023-08-25,25.6,30.4,22.0,8.4,0.0,26.942857142857143,27.470000000000002,8,2023,False
2023-08-26,24.4,30.1,20.2,9.9,0.0,26.41428571428571,27.38,8,2023,True
2023-08-27,26.0,30.8,20.9,9.9,0.0,26.114285714285717,27.293333333333333,8,2023,False
2023-08-28,26.1,29.1,23.9,5.2,0.0,25.785714285714285,27.193333333333335,8,2023,False
2023-08-29,24.4,27.7,21.4,6.3,7.1,25.428571428571427,27.09,8,2023,False
2023-08-30,21.4,23.1,20.2,2.9,24.6,24.74285714285714,26.886666666666667,8,2023,False
2023-08-31,22.2,28.0,19.8,8.2,0.0,24.3,26.653333333333332,8,2023,True
2023-09-01,22.6,29.5,18.3,11.2,0.0,23.87142857142857,26.44666666666667,9,2023,True
2023-09-02,24.5,31.1,18.1,13.0,0.0,23.885714285714283,26.3,9,2023,True
2023-09-03,26.9,32.1,22.4,9.7,0.6,24.014285714285712,26.21333333333333,9,2023,False
2023-09-04,27.2,31.0,24.2,6.8,0.0,24.17142857142857,26.146666666666665,9,2023,False
2023-09-05,26.3,31.6,23.4,8.2,0.0,24.442857142857147,26.05,9,2023,False
2023-09-06,26.0,31.3,21.5,9.8,0.0,25.1,25.933333333333334,9,2023,False
2023-09-07,24.7,30.0,20.2,9.8,0.0,25.457142857142856,25.75,9,2023,True
2023-09-08,22.8,29.6,17.6,12.0,0.0,25.485714285714288,25.613333333333333,9,2023,True
2023-09-09,24.0,30.9,18.0,12.9,0.0,25.414285714285715,25.693333333333335,9,2023,True
2023-09-10,24.7,31.2,19.4,11.8,0.0,25.099999999999998,25.68,9,2023,True
2023-09-11,24.4,30.6,20.2,10.4,0.0,24.7,25.69,9,2023,True
2023-09-12,24.1,29.5,19.9,9.6,0.0,24.385714285714283,25.60333333333333,9,2023,True
2023-09-13,20.7,22.4,19.5,2.9,29.7,23.628571428571426,25.37,9,2023,False
2023-09-14,22.1,25.8,19.5,6.3,5.2,23.25714285714286,25.18,9,2023,False
2023-09-15,22.4,24.4,21.1,3.3,16.3,23.199999999999996,25.040000000000003,9,2023,False
2023-09-16,22.9,27.1,21.2,5.9,101.2,23.04285714285714,24.913333333333334,9,2023,False
2023-09-17,24.3,28.8,21.5,7.3,2.7,22.985714285714288,24.790000000000003,9,2023,False
2023-09-18,23.6,28.6,20.9,7.7,0.0,22.87142857142857,24.639999999999997,9,2023,True
2023-09-19,23.0,27.6,20.1,7.5,0.0,22.714285714285715,24.469999999999995,9,2023,True
2023-09-20,20.9,22.4,19.2,3.2,161.4,22.742857142857144,24.220000000000002,9,2023,False
2023-09-21,18.7,21.7,16.1,5.6,1.3,22.257142857142856,23.946666666666665,9,2023,False
2023-09-22,18.4,24.6,14.6,10.0,0.0,21.685714285714287,23.686666666666664,9,2023,True
2023-09-23,19.5,25.0,14.8,10.2,0.0,21.2,23.493333333333332,9,2023,True
2023-09-24,20.7,25.0,15.3,9.7,0.0,20.685714285714283,23.33,9,2023,True
2023-09-25,21.5,26.3,18.3,8.0,4.7,20.385714285714283,23.233333333333334,9,2023,False
2023-09-26,20.6,22.1,19.4,2.7,46.1,20.042857142857144,23.053333333333335,9,2023,False
2023-09-27,22.0,24.9,20.5,4.4,0.4,20.199999999999996,22.916666666666668,9,2023,True
2023-09-28,22.0,27.2,18.4,8.8,0.0,20.67142857142857,22.836666666666666,9,2023,True
2023-09-29,19.8,25.4,17.0,8.4,0.0,20.87142857142857,22.783333333333335,9,2023,True
2023-09-30,18.4,23.1,14.2,8.9,3.5,20.714285714285715,22.656666666666663,9,2023,False
2023-10-01,17.2,22.9,12.4,10.5,0.0,20.214285714285715,22.476666666666667,10,2023,True
2023-10-02,16.6,23.6,10.5,13.1,0.0,19.514285714285716,22.21333333333333,10,2023,True
2023-10-03,15.4,21.1,11.9,9.2,0.0,18.771428571428572,21.83,10,2023,True
2023-10-04,17.7,24.2,12.2,12.0,0.0,18.157142857142855,21.513333333333335,10,2023,True
2023-10-05,14.3,18.6,10.5,8.1,0.0,17.057142857142857,21.113333333333333,10,2023,True
2023-10-06,14.2,21.1,8.7,12.4,0.0,16.25714285714286,20.720000000000002,10,2023,True
2023-10-07,15.9,20.5,10.7,9.8,0.0,15.9,20.42666666666667,10,2023,True
2023-10-08,17.4,21.6,14.8,6.8,0.0,15.928571428571429,20.246666666666666,10,2023,True
2023-10-09,17.2,22.5,13.5,9.0,0.0,16.014285714285712,20.02,10,2023,True
2023-10-10,16.4,22.3,12.5,9.8,0.0,16.157142857142855,19.743333333333336,10,2023,True
2023-10-11,16.7,24.1,11.7,12.4,0.0,16.014285714285712,19.486666666666665,10,2023,True
2023-10-12,16.3,23.5,10.2,13.3,0.0,16.3,19.22666666666667,10,2023,True
2023-10-13,16.2,22.1,12.5,9.6,0.0,16.585714285714285,19.076666666666664,10,2023,True
2023-10-14,14.7,21.7,11.2,10.5,0.0,16.414285714285715,18.83,10,2023,True
2023-10-15,14.7,20.2,10.6,9.6,0.0,16.02857142857143,18.573333333333334,10,2023,True
2023-10-16,14.7,20.8,8.0,12.8,0.0,15.671428571428573,18.3,10,2023,True
2023-10-17,12.7,21.6,5.4,16.2,0.0,15.142857142857142,17.913333333333334,10,2023,True
2023-10-18,14.1,22.9,7.8,15.1,0.0,14.771428571428572,17.59666666666667,10,2023,True
2023-10-19,14.9,19.3,11.5,7.8,3.3,14.571428571428571,17.326666666666664,10,2023,False
2023-10-20,12.1,15.6,8.9,6.7,2.0,13.985714285714286,17.033333333333335,10,2023,False
2023-10-21,9.7,17.5,3.7,13.8,0.0,13.271428571428572,16.733333333333334,10,2023,False
2023-10-22,11.6,18.6,4.2,14.4,0.0,12.828571428571427,16.506666666666668,10,2023,True
2023-10-23,13.4,20.8,8.4,12.4,0.0,12.642857142857142,16.30333333333333,10,2023,True
2023-10-24,14.0,21.3,8.0,13.3,0.0,12.828571428571431,16.08,10,2023,True
2023-10-25,15.2,22.4,11.0,11.4,0.0,12.985714285714284,15.87,10,2023,True
2023-10-26,16.5,22.0,11.7,10.3,0.0,13.214285714285714,15.733333333333333,10,2023,True
2023-10-27,14.7,19.8,10.9,8.9,0.0,13.585714285714285,15.49,10,2023,True
2023-10-28,12.8,20.2,7.5,12.7,0.0,14.028571428571427,15.183333333333334,10,2023,True
2023-10-29,13.2,21.3,6.9,14.4,0.0,14.257142857142856,14.963333333333335,10,2023,True
2023-10-30,14.1,22.4,8.5,13.9,0.0,14.357142857142858,14.819999999999999,10,2023,True
2023-10-31,14.5,21.9,10.0,11.9,0.0,14.428571428571429,14.729999999999999,10,2023,True
2023-11-01,18.0,22.9,12.7,10.2,0.0,14.828571428571431,14.776666666666666,11,2023,True
2023-11-02,19.5,25.9,14.8,11.1,0.0,15.257142857142858,14.913333333333332,11,2023,True
2023-11-03,19.4,24.3,14.8,9.5,0.0,15.928571428571429,14.97,11,2023,True
2023-11-04,18.5,20.9,17.3,3.6,0.4,16.74285714285714,15.110000000000001,11,2023,True
2023-11-05,19.4,25.4,16.4,9.0,5.2,17.62857142857143,15.283333333333333,11,2023,False
2023-11-06,15.4,21.3,8.7,12.6,15.5,17.814285714285713,15.266666666666664,11,2023,False
2023-11-07,8.2,12.8,3.6,9.2,0.0,16.914285714285715,14.96,11,2023,False
2023-11-08,8.1,16.7,1.0,15.7,0.0,15.5,14.656666666666666,11,2023,False
2023-11-09,11.8,18.1,4.5,13.6,4.6,14.400000000000002,14.503333333333332,11,2023,False
2023-11-10,5.5,10.6,1.4,9.2,0.1,12.414285714285715,14.129999999999999,11,2023,False
2023-11-11,2.2,7.1,-1.3,8.4,0.0,10.085714285714285,13.659999999999998,11,2023,False
2023-11-12,1.9,6.4,-1.0,7.4,0.0,7.585714285714286,13.183333333333334,11,2023,False
2023-11-13,2.6,9.0,-2.4,11.4,0.0,5.757142857142858,12.78,11,2023,False
2023-11-14,5.6,11.6,-1.2,12.8,0.0,5.385714285714285,12.476666666666667,11,2023,False
2023-11-15,7.0,13.5,2.3,11.2,0.0,5.228571428571429,12.22,11,2023,False
2023-11-16,5.3,7.1,3.6,3.5,7.1,4.3,11.973333333333333,11,2023,False
2023-11-17,2.4,7.1,-1.2,8.3,3.2,3.857142857142857,11.583333333333334,11,2023,False
2023-11-18,2.1,7.4,-2.7,10.1,0.2,3.8428571428571425,11.156666666666668,11,2023,False
2023-11-19,7.8,13.7,1.3,12.4,0.0,4.685714285714285,11.013333333333332,11,2023,False
2023-11-20,6.1,13.6,0.9,12.7,0.0,5.185714285714285,10.893333333333334,11,2023,False
2023-11-21,6.1,16.1,-1.0,17.1,0.0,5.257142857142857,10.71,11,2023,False
2023-11-22,7.7,14.9,0.1,14.8,0.0,5.357142857142857,10.520000000000001,11,2023,False
2023-11-23,11.5,17.5,5.6,11.9,0.0,6.242857142857143,10.436666666666667,11,2023,True
2023-11-24,1.2,5.6,-2.3,7.9,0.0,6.071428571428571,9.97,11,2023,False
2023-11-25,-0.8,5.6,-5.1,10.7,0.0,5.6571428571428575,9.393333333333334,11,2023,False
2023-11-26,4.1,8.2,-2.2,10.4,0.1,5.128571428571428,9.04,11,2023,False
2023-11-27,7.0,11.1,4.2,6.9,3.4,5.257142857142857,8.846666666666666,11,2023,False
2023-11-28,3.4,6.8,-0.9,7.7,0.0,4.871428571428572,8.52,11,2023,False
2023-11-29,2.4,7.4,-0.9,8.3,0.2,4.114285714285714,8.129999999999999,11,2023,False
2023-11-30,-2.2,1.3,-5.6,6.9,0.0,2.157142857142857,7.573333333333333,11,2023,False
2023-12-01,-1.3,2.4,-5.3,7.7,0.0,1.8,6.929999999999999,12,2023,False
2023-12-02,2.6,8.7,-3.9,12.6,0.0,2.2857142857142856,6.366666666666665,12,2023,False
2023-12-03,2.6,8.2,-1.5,9.7,0.0,2.0714285714285716,5.8066666666666675,12,2023,False
2023-12-04,2.1,9.2,-4.1,13.3,0.0,1.3714285714285714,5.260000000000001,12,2023,False
2023-12-05,3.7,11.4,-1.6,13.0,0.0,1.4142857142857141,4.736666666666666,12,2023,False
2023-12-06,6.1,12.2,0.1,12.1,0.6,1.9428571428571428,4.426666666666666,12,2023,False
2023-12-07,6.7,11.9,1.4,10.5,0.0,3.2142857142857144,4.376666666666667,12,2023,False
2023-12-08,11.7,18.8,3.4,15.4,0.0,5.071428571428571,4.496666666666667,12,2023,True
2023-12-09,14.8,19.2,11.8,7.4,0.0,6.814285714285715,4.596666666666667,12,2023,True
2023-12-10,13.4,18.4,9.8,8.6,0.0,8.357142857142858,4.86,12,2023,True
2023-12-11,12.0,14.2,8.7,5.5,35.3,9.77142857142857,5.186666666666667,12,2023,False
2023-12-12,7.4,10.0,5.5,4.5,0.1,10.299999999999999,5.37,12,2023,False
2023-12-13,9.2,12.7,5.6,7.1,0.0,10.742857142857144,5.590000000000001,12,2023,False
2023-12-14,9.9,10.8,9.0,1.8,27.1,11.2,5.733333333333333,12,2023,False
2023-12-15,8.7,11.7,5.6,6.1,41.5,10.77142857142857,5.79,12,2023,False
2023-12-16,-1.6,5.6,-6.7,12.3,2.6,8.428571428571427,5.5600000000000005,12,2023,False
2023-12-17,-8.3,-5.0,-10.8,5.8,0.0,5.328571428571428,5.203333333333333,12,2023,False
2023-12-18,-5.8,-2.6,-9.9,7.3,0.0,2.785714285714285,4.94,12,2023,False
2023-12-19,-2.4,0.3,-6.2,6.5,0.0,1.3857142857142857,4.6,12,2023,False
2023-12-20,-5.2,-1.3,-9.1,7.8,0.2,-0.6714285714285716,4.223333333333334,12,2023,False
2023-12-21,-9.4,-6.1,-11.8,5.7,0.0,-3.4285714285714284,3.7066666666666666,12,2023,False
2023-12-22,-9.3,-4.8,-13.0,8.2,0.0,-6.000000000000001,3.14,12,2023,False
2023-12-23,-5.8,-0.5,-12.0,11.5,0.0,-6.6000000000000005,2.5633333333333335,12,2023,False
2023-12-24,-1.7,2.3,-4.4,6.7,0.6,-5.6571428571428575,2.466666666666667,12,2023,False
2023-12-25,-0.4,3.3,-3.3,6.6,0.2,-4.885714285714286,2.4799999999999995,12,2023,False
2023-12-26,1.9,7.1,-1.5,8.6,0.0,-4.271428571428571,2.4066666666666667,12,2023,False
2023-12-27,2.2,7.9,-1.4,9.3,0.0,-3.2142857142857144,2.246666666666667,12,2023,False
2023-12-28,0.9,5.8,-3.3,9.1,0.0,-1.742857142857143,2.163333333333333,12,2023,False
2023-12-29,2.0,6.8,-0.7,7.5,0.0,-0.12857142857142856,2.15,12,2023,False
2023-12-30,0.5,2.9,-2.4,5.3,2.5,0.7714285714285715,2.24,12,2023,False
2023-12-31,3.5,5.5,2.4,3.1,1.6,1.5142857142857142,2.4,12,2023,False
2024-01-01,3.4,7.3,0.2,7.1,0.0,2.0571428571428574,2.4266666666666667,1,2024,False
2024-01-02,3.7,6.2,1.3,4.9,0.0,2.314285714285714,2.463333333333333,1,2024,False
2024-01-03,2.1,5.6,-0.7,6.3,0.9,2.3000000000000003,2.463333333333333,1,2024,False
2024-01-04,0.9,6.9,-4.6,11.5,0.0,2.3000000000000003,2.3699999999999997,1,2024,False
2024-01-05,4.8,10.2,1.1,9.1,0.0,2.6999999999999997,2.3266666666666667,1,2024,False
2024-01-06,1.3,7.1,-2.7,9.8,0.8,2.814285714285714,2.1466666666666665,1,2024,False
2024-01-07,-2.3,0.6,-5.6,6.2,0.0,1.9857142857142858,1.6799999999999997,1,2024,False
2024-01-08,-3.9,1.9,-8.9,10.8,0.0,0.9428571428571428,1.0566666666666666,1,2024,False
2024-01-09,0.0,4.0,-4.0,8.0,2.9,0.41428571428571426,0.6099999999999999,1,2024,False
2024-01-10,-1.2,0.7,-3.9,4.6,0.3,-0.05714285714285716,0.16999999999999993,1,2024,False
2024-01-11,0.3,3.9,-4.5,8.4,0.0,-0.14285714285714288,-0.06666666666666675,1,2024,False
2024-01-12,2.4,8.0,-1.8,9.8,0.0,-0.4857142857142857,-0.2933333333333334,1,2024,False
2024-01-13,-0.1,7.5,-5.3,12.8,0.0,-0.6857142857142857,-0.6266666666666668,1,2024,False
2024-01-14,1.2,9.1,-4.4,13.5,2.6,-0.18571428571428578,-0.8766666666666668,1,2024,False
2024-01-15,-2.0,3.2,-5.3,8.5,0.0,0.08571428571428566,-0.8900000000000001,1,2024,False
2024-01-16,-1.9,4.2,-7.5,11.7,0.0,-0.1857142857142858,-0.6766666666666669,1,2024,False
2024-01-17,0.6,2.2,-2.6,4.8,10.4,0.07142857142857131,-0.4633333333333335,1,2024,False
2024-01-18,4.6,6.6,2.1,4.5,11.0,0.6857142857142856,-0.2300000000000001,1,2024,False
2024-01-19,6.2,9.4,5.0,4.4,0.0,1.2285714285714284,0.14999999999999994,1,2024,False
2024-01-20,4.4,6.3,2.5,3.8,13.2,1.8714285714285712,0.6099999999999999,1,2024,False
2024-01-21,2.9,7.1,-0.1,7.2,0.1,2.1142857142857143,1.0166666666666666,1,2024,False
2024-01-22,-5.4,-0.1,-8.5,8.4,0.1,1.6285714285714281,1.03,1,2024,False
2024-01-23,-8.9,-5.9,-11.0,5.1,0.0,0.6285714285714283,0.7899999999999999,1,2024,False
2024-01-24,-6.6,-3.0,-10.5,7.5,0.2,-0.40000000000000024,0.5833333333333334,1,2024,False
2024-01-25,-4.6,1.6,-10.8,12.4,0.0,-1.7142857142857142,0.36666666666666664,1,2024,False
2024-01-26,-2.3,3.0,-7.2,10.2,0.0,-2.9285714285714284,0.2166666666666667,1,2024,False
2024-01-27,-0.3,5.8,-5.4,11.2,0.0,-3.6000000000000005,0.17666666666666667,1,2024,False
2024-01-28,-0.6,3.2,-4.1,7.3,0.0,-4.1,0.09000000000000001,1,2024,False
2024-01-29,-1.2,5.0,-6.1,11.1,0.0,-3.5,0.03333333333333334,1,2024,False
2024-01-30,0.9,9.1,-5.3,14.4,0.0,-2.1,-0.05333333333333334,1,2024,False
2024-01-31,5.3,12.7,0.3,12.4,0.0,-0.4000000000000001,0.009999999999999993,1,2024,False
2024-02-01,3.4,5.6,1.4,4.2,0.0,0.7428571428571428,-1.4802973661668754e-17,2,2024,False
2024-02-02,2.5,8.7,-1.6,10.3,0.0,1.4285714285714284,0.013333333333333315,2,2024,False
2024-02-03,4.0,8.9,-0.9,9.8,0.6,2.0428571428571427,0.11666666666666665,2,2024,False
2024-02-04,5.9,10.6,2.0,8.6,1.3,2.971428571428571,0.15333333333333332,2,2024,False
2024-02-05,3.4,6.0,0.7,5.3,17.5,3.6285714285714286,0.2233333333333333,2,2024,False
2024-02-06,1.6,4.2,0.0,4.2,0.9,3.7285714285714286,0.3533333333333334,2,2024,False
2024-02-07,0.6,3.8,-1.8,5.6,0.0,3.057142857142857,0.5033333333333333,2,2024,False
2024-02-08,0.4,6.2,-4.9,11.1,0.0,2.6285714285714286,0.5166666666666667,2,2024,False
2024-02-09,0.7,6.9,-4.3,11.2,0.0,2.371428571428571,0.58,2,2024,False
2024-02-10,0.7,6.5,-4.3,10.8,0.1,1.9,0.5933333333333334,2,2024,False
2024-02-11,0.4,6.7,-4.8,11.5,0.1,1.114285714285714,0.5266666666666666,2,2024,False
2024-02-12,3.3,11.7,-3.6,15.3,0.0,1.0999999999999999,0.64,2,2024,False
2024-02-13,8.5,15.6,0.0,15.6,0.0,2.0857142857142854,0.8833333333333333,2,2024,False
2024-02-14,13.1,18.2,8.5,9.7,0.0,3.871428571428571,1.3866666666666667,2,2024,True
2024-02-15,5.9,13.5,-0.6,14.1,1.0,4.657142857142857,1.6466666666666667,2,2024,False
2024-02-16,2.6,9.2,-2.7,11.9,0.0,4.928571428571429,1.7133333333333334,2,2024,False
2024-02-17,4.9,13.5,-2.0,15.5,0.0,5.528571428571429,1.7233333333333334,2,2024,False
2024-02-18,5.2,9.1,-0.6,9.7,27.4,6.2142857142857135,1.6900000000000002,2,2024,False
2024-02-19,10.1,13.3,5.4,7.9,16.9,7.185714285714285,1.8800000000000001,2,2024,False
2024-02-20,5.2,6.7,3.5,3.2,5.6,6.714285714285714,1.9566666666666668,2,2024,False
2024-02-21,4.0,5.7,2.1,3.6,21.9,5.414285714285714,2.27,2,2024,False
2024-02-22,1.8,3.6,0.6,3.0,5.8,4.828571428571428,2.6266666666666665,2,2024,False
2024-02-23,3.2,7.7,0.3,7.4,0.3,4.914285714285714,2.953333333333333,2,2024,False
2024-02-24,3.2,6.9,0.6,6.3,2.7,4.671428571428571,3.2133333333333334,2,2024,False
2024-02-25,2.4,5.0,0.6,4.4,1.7,4.271428571428571,3.3699999999999997,2,2024,False
2024-02-26,3.4,8.9,-1.8,10.7,0.0,3.3142857142857136,3.493333333333333,2,2024,False
2024-02-27,5.1,10.3,0.7,9.6,0.0,3.3,3.683333333333333,2,2024,False
2024-02-28,6.5,11.0,2.8,8.2,0.0,3.657142857142857,3.9399999999999995,2,2024,False
2024-02-29,5.3,7.0,2.2,4.8,0.2,4.157142857142857,4.086666666666667,2,2024,False
2024-03-01,-2.4,2.1,-5.8,7.9,0.0,3.3571428571428568,3.83,3,2024,False
2024-03-02,-0.8,4.3,-8.0,12.3,0.0,2.785714285714285,3.69,3,2024,False
2024-03-03,5.2,11.5,0.6,10.9,1.3,3.1857142857142855,3.7800000000000002,3,2024,False
2024-03-04,6.5,12.5,0.6,11.9,0.0,3.6285714285714286,3.8633333333333337,3,2024,False
2024-03-05,6.2,7.9,5.2,2.7,4.0,3.785714285714285,3.873333333333333,3,2024,False
2024-03-06,7.1,11.5,2.7,8.8,0.0,3.8714285714285706,3.996666666666667,3,2024,False
2024-03-07,4.7,8.8,0.4,8.4,0.0,3.7857142857142856,4.1,3,2024,False
2024-03-08,2.6,7.7,-0.9,8.6,0.0,4.499999999999999,4.166666666666667,3,2024,False
2024-03-09,1.9,8.6,-4.8,13.4,0.0,4.885714285714285,4.216666666666667,3,2024,False
2024-03-10,4.0,12.4,-4.4,16.8,0.0,4.7142857142857135,4.326666666666667,3,2024,False
2024-03-11,6.3,11.8,-0.6,12.4,0.0,4.685714285714285,4.513333333333333,3,2024,False
2024-03-12,5.8,9.4,2.8,6.6,0.1,4.628571428571427,4.693333333333333,3,2024,False
2024-03-13,6.1,13.6,-0.1,13.7,0.0,4.485714285714286,4.786666666666666,3,2024,False
2024-03-14,7.4,16.5,0.1,16.4,0.0,4.871428571428571,4.75,3,2024,False
2024-03-15,8.7,18.4,0.7,17.7,0.0,5.742857142857142,4.6033333333333335,3,2024,False
2024-03-16,11.0,20.0,1.7,18.3,0.0,7.042857142857143,4.7733333333333325,3,2024,True
2024-03-17,9.1,13.1,4.3,8.8,0.0,7.771428571428571,4.99,3,2024,False
2024-03-18,7.7,15.6,-0.3,15.9,0.0,7.97142857142857,5.083333333333333,3,2024,False
2024-03-19,6.9,12.3,4.2,8.1,0.0,8.128571428571428,5.140000000000001,3,2024,False
2024-03-20,4.4,9.3,1.3,8.0,0.0,7.885714285714285,4.95,3,2024,False
2024-03-21,4.7,11.6,-2.3,13.9,0.0,7.5,4.933333333333334,3,2024,False
2024-03-22,9.9,17.6,2.6,15.0,1.9,7.671428571428571,5.13,3,2024,False
2024-03-23,14.5,20.8,9.8,11.0,0.0,8.171428571428573,5.553333333333333,3,2024,True
2024-03-24,14.3,18.6,10.1,8.5,0.0,8.914285714285715,5.923333333333333,3,2024,True
2024-03-25,9.9,13.2,6.7,6.5,8.1,9.228571428571428,6.1466666666666665,3,2024,False
2024-03-26,6.6,11.7,2.8,8.9,19.0,9.185714285714285,6.286666666666666,3,2024,False
2024-03-27,9.8,17.0,2.3,14.7,0.0,9.957142857142857,6.5,3,2024,False
2024-03-28,9.1,10.1,8.2,1.9,14.4,10.585714285714285,6.633333333333334,3,2024,False
2024-03-29,8.8,12.6,5.2,7.4,0.0,10.428571428571429,6.71,3,2024,False
2024-03-30,9.1,17.0,1.7,15.3,0.0,9.657142857142857,6.836666666666667,3,2024,False
2024-03-31,10.6,18.4,2.0,16.4,0.0,9.128571428571428,7.27,3,2024,True
2024-04-01,12.6,21.8,3.6,18.2,0.0,9.514285714285714,7.716666666666667,4,2024,True
2024-04-02,15.5,24.8,5.6,19.2,0.0,10.785714285714286,8.059999999999999,4,2024,True
2024-04-03,13.7,14.8,12.6,2.2,14.1,11.342857142857142,8.3,4,2024,False
2024-04-04,14.1,17.6,12.4,5.2,0.0,12.057142857142855,8.563333333333333,4,2024,True
2024-04-05,13.0,18.4,9.9,8.5,0.0,12.657142857142857,8.76,4,2024,True
2024-04-06,12.8,20.0,7.2,12.8,0.0,13.185714285714285,9.030000000000001,4,2024,True
2024-04-07,15.4,24.5,6.6,17.9,0.0,13.87142857142857,9.456666666666667,4,2024,True
2024-04-08,16.0,23.2,8.2,15.0,0.0,14.357142857142858,9.926666666666668,4,2024,True
2024-04-09,15.4,20.8,9.7,11.1,0.0,14.342857142857142,10.306666666666668,4,2024,True
2024-04-10,14.4,19.9,9.5,10.4,0.0,14.442857142857141,10.576666666666666,4,2024,True
2024-04-11,15.8,22.6,10.8,11.8,0.0,14.685714285714285,10.91,4,2024,True
2024-04-12,17.0,25.0,9.6,15.4,0.0,15.257142857142856,11.273333333333333,4,2024,True
2024-04-13,18.4,27.8,9.8,18.0,0.0,16.057142857142857,11.639999999999999,4,2024,True
2024-04-14,19.7,27.6,10.8,16.8,0.0,16.67142857142857,12.006666666666666,4,2024,True
2024-04-15,16.0,18.9,12.8,6.1,13.0,16.67142857142857,12.173333333333334,4,2024,False
2024-04-16,14.0,19.9,9.8,10.1,2.0,16.471428571428568,12.336666666666666,4,2024,False
2024-04-17,14.6,22.5,8.5,14.0,0.0,16.5,12.566666666666666,4,2024,True
2024-04-18,16.7,25.1,8.0,17.1,0.0,16.62857142857143,12.893333333333334,4,2024,True
2024-04-19,17.4,25.9,7.6,18.3,0.0,16.685714285714287,13.326666666666666,4,2024,True
2024-04-20,13.7,15.6,13.1,2.5,9.3,16.014285714285712,13.626666666666667,4,2024,False
2024-04-21,16.0,18.0,13.3,4.7,0.1,15.485714285714284,13.830000000000002,4,2024,True
2024-04-22,17.6,22.7,14.3,8.4,0.0,15.714285714285712,13.933333333333334,4,2024,True
2024-04-23,16.9,22.2,12.1,10.1,0.0,16.128571428571426,14.020000000000001,4,2024,True
2024-04-24,13.3,17.1,9.5,7.6,4.5,15.942857142857141,14.133333333333333,4,2024,False
2024-04-25,14.8,23.5,9.1,14.4,0.0,15.671428571428569,14.406666666666666,4,2024,True
2024-04-26,17.4,26.5,9.9,16.6,0.0,15.671428571428569,14.66,4,2024,True
2024-04-27,18.1,26.6,10.1,16.5,0.0,16.3,14.959999999999999,4,2024,True
2024-04-28,19.0,28.1,9.0,19.1,0.0,16.728571428571428,15.3,4,2024,True
2024-04-29,17.3,19.4,16.0,3.4,0.3,16.685714285714283,15.573333333333332,4,2024,True
2024-04-30,16.2,20.9,12.1,8.8,0.0,16.585714285714285,15.759999999999998,4,2024,True
2024-05-01,16.5,21.4,12.1,9.3,0.0,17.04285714285714,15.889999999999999,5,2024,True
2024-05-02,16.6,24.0,9.5,14.5,0.0,17.3,15.926666666666668,5,2024,True
2024-05-03,17.9,27.7,8.4,19.3,0.0,17.37142857142857,16.066666666666666,5,2024,True
2024-05-04,20.2,28.1,9.5,18.6,0.0,17.67142857142857,16.27,5,2024,True
2024-05-05,17.8,20.2,16.5,3.7,52.9,17.499999999999996,16.43,5,2024,False
2024-05-06,14.1,16.7,13.1,3.6,5.1,17.04285714285714,16.473333333333333,5,2024,False
2024-05-07,13.2,15.9,11.4,4.5,15.5,16.61428571428571,16.4,5,2024,False
2024-05-08,14.5,20.1,9.7,10.4,1.2,16.328571428571426,16.35,5,2024,False
2024-05-09,15.2,23.0,7.8,15.2,0.0,16.128571428571426,16.34333333333333,5,2024,True
2024-05-10,17.1,24.8,9.5,15.3,0.0,16.014285714285712,16.433333333333334,5,2024,True
2024-05-11,18.2,24.5,12.0,12.5,13.3,15.728571428571428,16.513333333333332,5,2024,False
2024-05-12,15.9,21.5,11.1,10.4,1.1,15.457142857142856,16.476666666666667,5,2024,False
2024-05-13,17.1,24.6,8.8,15.8,0.0,15.885714285714284,16.433333333333334,5,2024,True
2024-05-14,17.6,25.7,9.0,16.7,0.0,16.514285714285712,16.363333333333333,5,2024,True
2024-05-15,12.6,22.4,7.9,14.5,9.7,16.24285714285714,16.25,5,2024,False
2024-05-16,13.8,20.3,7.3,13.0,1.5,16.04285714285714,16.243333333333332,5,2024,False
2024-05-17,18.4,25.4,11.8,13.6,0.0,16.228571428571428,16.37,5,2024,True
2024-05-18,19.7,27.5,12.3,15.2,0.0,16.442857142857143,16.470000000000002,5,2024,True
2024-05-19,20.8,29.1,13.9,15.2,0.0,17.142857142857142,16.583333333333332,5,2024,True
2024-05-20,18.7,25.9,12.2,13.7,0.0,17.37142857142857,16.75,5,2024,True
2024-05-21,20.1,26.5,15.5,11.0,0.0,17.728571428571428,16.886666666666667,5,2024,True
2024-05-22,20.6,27.7,15.0,12.7,0.0,18.87142857142857,16.986666666666668,5,2024,True
2024-05-23,21.1,29.1,15.7,13.4,0.0,19.914285714285715,17.126666666666665,5,2024,True
2024-05-24,20.1,27.7,13.9,13.8,0.0,20.157142857142855,17.353333333333335,5,2024,True
2024-05-25,20.0,23.4,17.8,5.6,0.0,20.2,17.526666666666667,5,2024,True
2024-05-26,20.0,26.7,15.5,11.2,28.5,20.085714285714285,17.613333333333333,5,2024,False
2024-05-27,17.9,22.9,13.5,9.4,0.0,19.97142857142857,17.60666666666667,5,2024,True
2024-05-28,18.5,24.7,11.5,13.2,0.0,19.74285714285714,17.59,5,2024,True
2024-05-29,20.2,27.5,12.3,15.2,0.0,19.685714285714287,17.686666666666667,5,2024,True
2024-05-30,20.4,25.4,15.2,10.2,0.0,19.585714285714285,17.826666666666664,5,2024,True
2024-05-31,20.8,26.9,15.1,11.8,0.0,19.685714285714283,17.970000000000002,5,2024,True
2024-06-01,19.5,24.4,15.1,9.3,0.0,19.61428571428571,18.066666666666666,6,2024,True
2024-06-02,19.5,25.9,12.7,13.2,0.0,19.54285714285714,18.12,6,2024,True
2024-06-03,20.4,26.8,12.3,14.5,0.0,19.9,18.12666666666667,6,2024,True
2024-06-04,21.2,28.3,14.8,13.5,0.0,20.285714285714285,18.24,6,2024,True
2024-06-05,21.7,28.6,14.7,13.9,0.0,20.5,18.493333333333332,6,2024,True
2024-06-06,21.9,29.2,16.7,12.5,0.0,20.714285714285715,18.783333333333335,6,2024,True
2024-06-07,22.0,28.0,15.2,12.8,0.0,20.885714285714283,19.033333333333335,6,2024,True
2024-06-08,20.5,25.4,17.7,7.7,2.3,21.02857142857143,19.209999999999997,6,2024,False
2024-06-09,23.3,30.0,18.2,11.8,0.0,21.571428571428573,19.416666666666668,6,2024,True
2024-06-10,23.7,30.0,17.1,12.9,0.0,22.04285714285714,19.6,6,2024,True
2024-06-11,24.5,31.4,19.5,11.9,0.0,22.514285714285712,19.886666666666667,6,2024,True
2024-06-12,24.3,32.9,17.3,15.6,0.0,22.885714285714283,20.126666666666665,6,2024,True
2024-06-13,24.8,32.9,16.5,16.4,0.0,23.3,20.366666666666667,6,2024,True
2024-06-14,25.2,31.7,18.5,13.2,0.0,23.75714285714286,20.786666666666665,6,2024,False
2024-06-15,23.5,28.5,20.6,7.9,1.3,24.185714285714287,21.11,6,2024,False
2024-06-16,23.4,29.1,18.4,10.7,0.0,24.199999999999996,21.276666666666667,6,2024,True
2024-06-17,22.5,28.4,16.0,12.4,0.0,24.02857142857143,21.37,6,2024,True
2024-06-18,24.6,33.7,14.8,18.9,0.0,24.042857142857144,21.49666666666667,6,2024,True
2024-06-19,26.3,35.1,17.8,17.3,0.0,24.328571428571426,21.75,6,2024,False
2024-06-20,25.0,31.7,18.8,12.9,0.0,24.357142857142854,21.913333333333334,6,2024,True
2024-06-21,25.7,32.5,17.9,14.6,0.0,24.428571428571427,22.083333333333332,6,2024,False
2024-06-22,22.9,24.4,22.0,2.4,36.9,24.342857142857138,22.143333333333334,6,2024,False
2024-06-23,24.3,28.7,22.3,6.4,1.1,24.471428571428568,22.283333333333335,6,2024,False
2024-06-24,24.3,29.4,18.8,10.6,0.0,24.728571428571428,22.426666666666666,6,2024,True
2024-06-25,21.8,27.6,16.5,11.1,0.0,24.328571428571426,22.486666666666668,6,2024,True
2024-06-26,23.6,30.2,17.4,12.8,0.0,23.942857142857143,22.67666666666667,6,2024,True
2024-06-27,23.1,28.6,18.3,10.3,0.0,23.67142857142857,22.830000000000002,6,2024,True
2024-06-28,24.8,32.1,17.4,14.7,0.0,23.542857142857144,22.983333333333334,6,2024,True
2024-06-29,24.9,29.5,21.2,8.3,55.0,23.828571428571426,23.133333333333333,6,2024,False
2024-06-30,24.5,27.5,22.2,5.3,7.7,23.857142857142858,23.256666666666664,6,2024,False
2024-07-01,26.0,31.6,21.6,10.0,0.0,24.099999999999998,23.473333333333333,7,2024,False
2024-07-02,23.6,26.6,21.3,5.3,83.5,24.357142857142858,23.61,7,2024,False
2024-07-03,25.2,28.9,23.1,5.8,10.6,24.585714285714285,23.77,7,2024,False
2024-07-04,27.3,31.2,22.7,8.5,0.0,25.185714285714287,23.973333333333336,7,2024,False
2024-07-05,25.3,29.0,22.8,6.2,4.1,25.257142857142856,24.09333333333333,7,2024,False
2024-07-06,26.9,30.8,22.7,8.1,0.0,25.54285714285714,24.26,7,2024,False
2024-07-07,24.6,26.5,22.0,4.5,60.9,25.557142857142857,24.346666666666668,7,2024,False
2024-07-08,24.0,25.5,22.7,2.8,131.6,25.27142857142857,24.46333333333333,7,2024,False
2024-07-09,23.1,24.3,22.2,2.1,16.5,25.199999999999996,24.456666666666663,7,2024,False
2024-07-10,23.6,27.8,21.2,6.6,69.2,24.97142857142857,24.453333333333333,7,2024,False
2024-07-11,23.9,26.7,21.5,5.2,0.1,24.485714285714284,24.433333333333334,7,2024,True
2024-07-12,25.4,30.7,21.7,9.0,0.0,24.5,24.470000000000002,7,2024,False
2024-07-13,26.0,30.7,22.0,8.7,0.0,24.37142857142857,24.509999999999998,7,2024,False
2024-07-14,25.9,29.8,23.3,6.5,0.0,24.557142857142857,24.533333333333335,7,2024,False
2024-07-15,26.8,31.3,23.7,7.6,0.0,24.957142857142856,24.64333333333333,7,2024,False
2024-07-16,24.3,26.5,22.3,4.2,72.2,25.128571428571426,24.673333333333332,7,2024,False
2024-07-17,26.6,29.7,22.3,7.4,1.7,25.557142857142853,24.81,7,2024,False
2024-07-18,25.6,27.6,23.6,4.0,30.2,25.8,24.843333333333337,7,2024,False
2024-07-19,25.3,29.1,23.3,5.8,2.3,25.785714285714285,24.81,7,2024,False
2024-07-20,26.1,30.6,22.7,7.9,18.7,25.800000000000004,24.846666666666668,7,2024,False
2024-07-21,27.2,31.2,23.8,7.4,0.7,25.985714285714288,24.89666666666667,7,2024,False
2024-07-22,28.6,31.1,26.2,4.9,0.0,26.24285714285714,25.086666666666666,7,2024,False
2024-07-23,26.3,27.7,25.2,2.5,13.7,26.528571428571432,25.153333333333332,7,2024,False
2024-07-24,27.7,32.5,24.8,7.7,3.3,26.685714285714283,25.266666666666666,7,2024,False
2024-07-25,27.9,34.5,24.5,10.0,1.6,27.014285714285712,25.470000000000002,7,2024,False
2024-07-26,28.2,33.2,24.9,8.3,16.8,27.428571428571427,25.62333333333333,7,2024,False
2024-07-27,28.0,32.1,25.5,6.6,4.4,27.699999999999996,25.786666666666665,7,2024,False
2024-07-28,29.0,32.9,26.2,6.7,0.0,27.957142857142856,25.926666666666666,7,2024,False
2024-07-29,27.6,31.5,25.6,5.9,0.0,27.814285714285713,26.016666666666666,7,2024,False
2024-07-30,28.0,32.3,25.6,6.7,0.0,28.057142857142853,26.133333333333333,7,2024,False
2024-07-31,29.0,33.5,25.0,8.5,0.0,28.24285714285714,26.233333333333334,7,2024,False
2024-08-01,29.2,33.4,25.7,7.7,0.0,28.428571428571427,26.42,8,2024,False
2024-08-02,29.6,33.2,26.8,6.4,0.0,28.62857142857143,26.566666666666666,8,2024,False
2024-08-03,30.0,34.6,26.6,8.0,0.0,28.91428571428571,26.65666666666667,8,2024,False
2024-08-04,29.6,35.3,24.7,10.6,0.0,28.999999999999996,26.8,8,2024,False
2024-08-05,27.8,34.2,23.6,10.6,5.7,29.02857142857143,26.83,8,2024,False
2024-08-06,28.2,33.2,23.3,9.9,0.0,29.057142857142853,26.95,8,2024,False
2024-08-07,29.0,34.1,24.9,9.2,0.0,29.057142857142853,27.116666666666667,8,2024,False
2024-08-08,26.8,29.2,24.6,4.6,0.3,28.714285714285715,27.240000000000002,8,2024,False
2024-08-09,28.0,33.9,24.1,9.8,0.0,28.485714285714288,27.386666666666667,8,2024,False
2024-08-10,28.5,34.2,24.1,10.1,0.0,28.271428571428572,27.540000000000003,8,2024,False
2024-08-11,29.5,35.0,25.2,9.8,0.0,28.257142857142856,27.67666666666667,8,2024,False
2024-08-12,29.4,35.0,25.0,10.0,1.1,28.485714285714288,27.790000000000003,8,2024,False
2024-08-13,28.8,34.6,24.7,9.9,27.8,28.571428571428566,27.886666666666663,8,2024,False
2024-08-14,28.8,33.9,24.9,9.0,0.0,28.54285714285714,27.953333333333333,8,2024,False
2024-08-15,28.5,34.4,24.6,9.8,0.0,28.785714285714285,28.093333333333337,8,2024,False
2024-08-16,28.7,33.7,24.6,9.1,0.0,28.885714285714283,28.163333333333334,8,2024,False
2024-08-17,28.7,33.8,24.9,8.9,0.0,28.914285714285715,28.266666666666666,8,2024,False
2024-08-18,28.5,34.6,24.7,9.9,0.0,28.771428571428572,28.373333333333335,8,2024,False
2024-08-19,29.3,34.8,24.4,10.4,0.1,28.757142857142856,28.48,8,2024,False
2024-08-20,29.3,35.3,26.4,8.9,7.7,28.828571428571426,28.55,8,2024,False
2024-08-21,27.5,31.7,25.9,5.8,19.9,28.642857142857142,28.513333333333332,8,2024,False
2024-08-22,27.1,31.3,24.8,6.5,1.9,28.442857142857143,28.540000000000003,8,2024,False
2024-08-23,27.0,31.7,23.6,8.1,1.6,28.199999999999996,28.516666666666666,8,2024,False
2024-08-24,27.3,32.2,24.1,8.1,0.0,28.0,28.496666666666666,8,2024,False
2024-08-25,26.9,31.7,23.9,7.8,0.0,27.771428571428572,28.453333333333333,8,2024,False
2024-08-26,26.6,31.2,23.5,7.7,4.6,27.385714285714283,28.40666666666667,8,2024,False
2024-08-27,25.8,27.4,23.9,3.5,0.0,26.885714285714283,28.3,8,2024,False
2024-08-28,26.8,31.1,21.5,9.6,0.0,26.785714285714285,28.273333333333333,8,2024,False
2024-08-29,27.7,33.4,22.9,10.5,0.0,26.871428571428567,28.263333333333332,8,2024,False
2024-08-30,26.8,32.7,22.4,10.3,0.0,26.842857142857138,28.19,8,2024,False
2024-08-31,25.9,32.2,20.9,11.3,0.0,26.642857142857142,28.08,8,2024,False
2024-09-01,26.2,31.4,22.1,9.3,0.0,26.54285714285714,27.966666666666665,9,2024,False
2024-09-02,24.0,27.8,20.9,6.9,0.3,26.17142857142857,27.766666666666666,9,2024,True
2024-09-03,27.0,31.6,23.0,8.6,0.0,26.342857142857138,27.680000000000003,9,2024,False
2024-09-04,26.1,32.9,21.0,11.9,0.0,26.24285714285714,27.62333333333333,9,2024,False
2024-09-05,26.2,31.6,22.2,9.4,0.0,26.02857142857143,27.55666666666667,9,2024,False
2024-09-06,24.9,27.7,23.3,4.4,2.0,25.75714285714286,27.42,9,2024,False
2024-09-07,26.0,31.5,23.0,8.5,0.0,25.771428571428572,27.39333333333333,9,2024,False
2024-09-08,26.0,32.3,21.1,11.2,0.0,25.74285714285714,27.326666666666664,9,2024,False
2024-09-09,28.3,33.6,23.1,10.5,0.0,26.357142857142854,27.32,9,2024,False
2024-09-10,28.8,35.2,24.7,10.5,0.0,26.614285714285717,27.296666666666667,9,2024,False
2024-09-11,27.4,34.0,24.4,9.6,13.9,26.8,27.23,9,2024,False
2024-09-12,26.0,30.2,24.6,5.6,11.7,26.771428571428572,27.136666666666667,9,2024,False
2024-09-13,27.4,32.0,24.4,7.6,0.0,27.128571428571426,27.089999999999996,9,2024,False
2024-09-14,27.9,32.9,24.7,8.2,0.0,27.4,27.07,9,2024,False
2024-09-15,29.2,34.2,24.6,9.6,0.0,27.857142857142858,27.086666666666666,9,2024,False
2024-09-16,27.8,31.1,24.9,6.2,0.0,27.78571428571428,27.05666666666667,9,2024,False
2024-09-17,29.3,35.2,24.7,10.5,0.0,27.857142857142858,27.083333333333332,9,2024,False
2024-09-18,27.6,33.8,23.6,10.2,49.2,27.885714285714283,27.026666666666667,9,2024,False
2024-09-19,28.1,33.5,23.9,9.6,0.0,28.185714285714283,26.986666666666668,9,2024,False
2024-09-20,25.4,27.3,24.5,2.8,45.2,27.9,26.916666666666668,9,2024,False
2024-09-21,20.3,25.9,19.6,6.3,109.7,26.814285714285717,26.689999999999998,9,2024,False
2024-09-22,21.1,25.5,17.4,8.1,0.1,25.657142857142855,26.493333333333332,9,2024,True
2024-09-23,20.9,25.2,17.1,8.1,0.0,24.671428571428574,26.279999999999998,9,2024,True
2024-09-24,20.4,27.2,15.2,12.0,0.0,23.4,26.063333333333333,9,2024,True
2024-09-25,22.6,28.3,18.3,10.0,0.0,22.685714285714287,25.93,9,2024,True
2024-09-26,23.3,28.5,20.0,8.5,0.0,21.999999999999996,25.84666666666667,9,2024,True
2024-09-27,22.3,28.1,18.1,10.0,0.0,21.557142857142857,25.696666666666665,9,2024,True
2024-09-28,22.9,27.9,18.3,9.6,0.0,21.928571428571427,25.53666666666667,9,2024,True
2024-09-29,22.7,27.3,18.9,8.4,0.0,22.157142857142855,25.4,9,2024,True
2024-09-30,20.9,27.6,15.6,12.0,0.0,22.157142857142855,25.233333333333334,9,2024,True
2024-10-01,16.8,19.0,13.8,5.2,1.2,21.64285714285714,24.919999999999998,10,2024,False
2024-10-02,14.0,19.4,10.5,8.9,0.0,20.41428571428571,24.586666666666662,10,2024,True
2024-10-03,12.1,15.1,9.0,6.1,3.0,18.814285714285713,24.089999999999996,10,2024,False
2024-10-04,14.9,22.4,10.5,11.9,0.0,17.757142857142856,23.716666666666665,10,2024,True
2024-10-05,15.9,23.1,10.4,12.7,0.0,16.757142857142856,23.373333333333335,10,2024,True
2024-10-06,15.8,17.9,13.3,4.6,0.1,15.771428571428572,23.07,10,2024,True
2024-10-07,16.4,20.0,13.8,6.2,1.2,15.128571428571428,22.75,10,2024,False
2024-10-08,15.7,22.1,13.5,8.6,0.0,14.971428571428572,22.40666666666667,10,2024,True
2024-10-09,17.6,23.6,11.8,11.8,0.0,15.485714285714284,22.05,10,2024,True
2024-10-10,17.3,22.9,13.4,9.5,0.1,16.228571428571428,21.666666666666668,10,2024,True
2024-10-11,16.4,23.9,12.0,11.9,0.0,16.442857142857143,21.3,10,2024,True
2024-10-12,16.3,24.2,11.9,12.3,0.0,16.499999999999996,20.97666666666667,10,2024,True
2024-10-13,16.9,23.5,11.6,11.9,0.0,16.657142857142855,20.62666666666667,10,2024,True
2024-10-14,17.3,18.7,15.9,2.8,9.0,16.785714285714285,20.27333333333333,10,2024,False
2024-10-15,18.1,19.9,16.9,3.0,13.9,17.12857142857143,19.903333333333332,10,2024,False
2024-10-16,18.0,23.3,15.4,7.9,0.0,17.185714285714283,19.576666666666664,10,2024,True
2024-10-17,18.3,24.3,14.7,9.6,0.0,17.32857142857143,19.209999999999997,10,2024,True
2024-10-18,18.7,20.4,16.7,3.7,52.1,17.657142857142855,18.913333333333334,10,2024,False
2024-10-19,17.0,22.4,12.9,9.5,2.4,17.757142857142856,18.543333333333333,10,2024,False
2024-10-20,13.1,17.3,10.5,6.8,0.0,17.214285714285715,18.133333333333333,10,2024,True
2024-10-21,13.7,19.1,8.6,10.5,0.1,16.7,17.913333333333334,10,2024,True
2024-10-22,16.6,18.2,14.8,3.4,12.2,16.485714285714284,17.763333333333332,10,2024,False
2024-10-23,13.8,17.6,8.8,8.8,1.3,15.885714285714284,17.526666666666667,10,2024,False
2024-10-24,11.6,17.9,6.2,11.7,0.0,14.928571428571429,17.233333333333334,10,2024,True
2024-10-25,13.9,21.4,7.3,14.1,0.0,14.242857142857142,16.943333333333335,10,2024,True
2024-10-26,16.6,23.7,10.4,13.3,0.0,14.185714285714285,16.720000000000002,10,2024,True
2024-10-27,15.2,18.8,12.9,5.9,0.5,14.485714285714286,16.483333333333334,10,2024,True
2024-10-28,14.7,17.5,11.3,6.2,0.0,14.628571428571428,16.21,10,2024,True
2024-10-29,14.8,20.4,11.7,8.7,0.0,14.37142857142857,15.946666666666665,10,2024,True
2024-10-30,14.5,21.1,9.7,11.4,0.0,14.47142857142857,15.733333333333333,10,2024,True
2024-10-31,14.4,22.4,9.0,13.4,0.0,14.87142857142857,15.653333333333332,10,2024,True
2024-11-01,13.3,14.7,11.4,3.3,2.6,14.785714285714283,15.629999999999999,11,2024,False
2024-11-02,17.1,23.4,13.5,9.9,0.0,14.857142857142858,15.796666666666669,11,2024,True
2024-11-03,16.1,23.3,11.2,12.1,0.0,14.985714285714286,15.836666666666668,11,2024,True
2024-11-04,14.1,20.6,9.0,11.6,0.5,14.9,15.776666666666667,11,2024,True
2024-11-05,9.5,15.7,5.9,9.8,0.0,14.142857142857142,15.566666666666666,11,2024,False
2024-11-06,7.2,13.9,2.4,11.5,0.0,13.1,15.26,11,2024,False
2024-11-07,7.5,16.6,0.5,16.1,0.0,12.114285714285714,14.986666666666666,11,2024,False
2024-11-08,10.1,18.1,3.1,15.0,0.0,11.657142857142857,14.736666666666668,11,2024,True
2024-11-09,12.4,19.1,6.8,12.3,0.0,10.985714285714286,14.573333333333332,11,2024,True
2024-11-10,13.4,20.6,9.5,11.1,0.0,10.599999999999998,14.473333333333334,11,2024,True
2024-11-11,13.2,21.8,7.3,14.5,0.0,10.47142857142857,14.370000000000001,11,2024,True
2024-11-12,13.2,20.5,9.1,11.4,0.0,10.999999999999998,14.246666666666666,11,2024,True
2024-11-13,12.9,21.2,6.8,14.4,0.0,11.814285714285713,14.1,11,2024,True
2024-11-14,14.0,19.9,10.5,9.4,0.3,12.742857142857142,13.963333333333333,11,2024,True
2024-11-15,14.8,20.1,12.3,7.8,3.9,13.414285714285713,13.856666666666666,11,2024,False
2024-11-16,16.7,23.3,11.4,11.9,0.7,14.028571428571427,13.803333333333335,11,2024,True
2024-11-17,8.8,14.8,3.6,11.2,0.0,13.37142857142857,13.473333333333333,11,2024,False
2024-11-18,2.9,8.0,-0.7,8.7,0.0,11.9,13.003333333333334,11,2024,False
2024-11-19,5.0,13.5,-2.2,15.7,0.0,10.728571428571428,12.733333333333333,11,2024,False
2024-11-20,6.3,11.5,0.3,11.2,0.0,9.785714285714286,12.486666666666668,11,2024,False
2024-11-21,9.1,13.4,3.4,10.0,0.0,9.085714285714285,12.236666666666668,11,2024,False
2024-11-22,7.4,12.6,1.9,10.7,0.0,8.028571428571428,12.023333333333335,11,2024,False
2024-11-23,4.9,12.5,-0.5,13.0,0.0,6.342857142857142,11.8,11,2024,False
2024-11-24,6.4,14.6,0.3,14.3,0.0,6.0,11.55,11,2024,False
2024-11-25,9.6,16.5,1.5,15.0,0.1,6.9571428571428555,11.316666666666666,11,2024,False
2024-11-26,7.5,11.3,3.7,7.6,24.6,7.314285714285712,11.06,11,2024,False
2024-11-27,1.9,5.7,0.1,5.6,6.0,6.685714285714285,10.633333333333333,11,2024,False
2024-11-28,2.9,8.6,0.5,8.1,3.8,5.799999999999999,10.236666666666668,11,2024,False
2024-11-29,2.1,5.3,-0.7,6.0,0.6,5.042857142857143,9.823333333333332,11,2024,False
2024-11-30,4.3,8.8,-0.8,9.6,0.0,4.9571428571428555,9.486666666666668,11,2024,False
2024-12-01,6.8,11.7,1.9,9.8,0.0,5.014285714285713,9.270000000000001,12,2024,False
2024-12-02,7.4,15.6,1.5,14.1,0.0,4.699999999999998,8.946666666666665,12,2024,False
2024-12-03,1.5,6.1,-1.0,7.1,0.0,3.8428571428571416,8.46,12,2024,False
2024-12-04,2.8,7.7,-0.5,8.2,0.0,3.9714285714285706,8.083333333333334,12,2024,False
2024-12-05,3.7,9.3,-1.4,10.7,1.5,4.0857142857142845,7.890000000000001,12,2024,False
2024-12-06,3.5,8.2,0.3,7.9,0.0,4.285714285714285,7.766666666666667,12,2024,False
2024-12-07,0.9,5.3,-2.7,8.0,0.7,3.7999999999999994,7.546666666666666,12,2024,False
2024-12-08,0.0,4.1,-3.2,7.3,0.0,2.828571428571428,7.209999999999999,12,2024,False
2024-12-09,1.6,6.5,-4.6,11.1,0.0,1.999999999999999,6.85,12,2024,False
2024-12-10,3.7,8.1,0.4,7.7,0.0,2.3142857142857136,6.526666666666667,12,2024,False
2024-12-11,2.2,8.8,-1.4,10.2,0.0,2.2285714285714278,6.159999999999999,12,2024,False
2024-12-12,0.6,6.4,-4.4,10.8,0.0,1.785714285714285,5.74,12,2024,False
2024-12-13,0.2,2.9,-1.6,4.5,0.1,1.3142857142857132,5.316666666666666,12,2024,False
2024-12-14,0.1,4.6,-3.7,8.3,0.0,1.199999999999999,4.8533333333333335,12,2024,False
2024-12-15,1.7,4.9,-1.4,6.3,1.1,1.442857142857142,4.416666666666667,12,2024,False
2024-12-16,1.7,6.1,-2.7,8.8,0.3,1.457142857142856,3.9166666666666665,12,2024,False
2024-12-17,1.1,6.3,-2.5,8.8,0.0,1.0857142857142847,3.6600000000000006,12,2024,False
2024-12-18,-2.2,1.3,-4.9,6.2,0.0,0.4571428571428561,3.49,12,2024,False
2024-12-19,-2.5,4.1,-8.7,12.8,0.0,0.01428571428571322,3.24,12,2024,False
2024-12-20,-0.5,2.5,-4.0,6.5,0.2,-0.08571428571428677,3.0133333333333336,12,2024,False
2024-12-21,0.0,3.4,-2.9,6.3,1.7,-0.10000000000000106,2.7100000000000004,12,2024,False
2024-12-22,-2.8,1.6,-6.4,8.0,0.0,-0.7428571428571439,2.37,12,2024,False
2024-12-23,-1.2,4.5,-7.1,11.6,0.0,-1.1571428571428581,2.1666666666666665,12,2024,False
2024-12-24,0.2,5.8,-4.0,9.8,0.0,-1.2857142857142867,1.96,12,2024,False
2024-12-25,2.3,6.8,-2.7,9.5,0.0,-0.6428571428571439,1.7166666666666666,12,2024,False
2024-12-26,1.7,5.1,-1.7,6.8,0.4,-0.04285714285714388,1.5233333333333334,12,2024,False
2024-12-27,-1.5,1.9,-5.2,7.1,0.0,-0.18571428571428675,1.41,12,2024,False
2024-12-28,-1.8,1.0,-5.8,6.8,0.0,-0.4428571428571439,1.2533333333333334,12,2024,False
2024-12-29,1.5,6.2,-2.1,8.3,0.0,0.17142857142857038,1.2333333333333334,12,2024,False
2024-12-30,5.8,10.0,0.5,9.5,0.0,1.1714285714285704,1.2833333333333334,12,2024,False
2024-12-31,1.6,5.9,-2.7,8.6,0.0,1.3714285714285703,1.1099999999999999,12,2024,False
2025-01-01,1.4,9.2,-4.9,14.1,0.0,1.2428571428571418,0.91,1,2025,False
2025-01-02,1.0,7.3,-3.6,10.9,0.0,1.142857142857142,0.8933333333333333,1,2025,False
2025-01-03,-0.4,4.2,-4.4,8.6,0.0,1.299999999999999,0.7866666666666667,1,2025,False
2025-01-04,0.0,5.7,-4.6,10.3,0.0,1.5571428571428558,0.6633333333333334,1,2025,False
2025-01-05,0.7,3.8,-3.3,7.1,0.4,1.4428571428571417,0.5700000000000001,1,2025,False
2025-01-06,1.4,5.0,-1.6,6.6,0.7,0.8142857142857132,0.5866666666666666,1,2025,False
2025-01-07,-1.8,1.6,-4.6,6.2,0.2,0.3285714285714275,0.5266666666666666,1,2025,False
2025-01-08,-3.0,-0.1,-5.0,4.9,0.7,-0.3000000000000011,0.3733333333333333,1,2025,False
2025-01-09,-8.7,-5.0,-12.2,7.2,0.1,-1.6857142857142868,-0.03999999999999997,1,2025,False
2025-01-10,-7.7,-0.9,-14.2,13.3,0.0,-2.72857142857143,-0.37,1,2025,False
2025-01-11,-3.4,-0.5,-6.7,6.2,0.0,-3.2142857142857153,-0.5033333333333333,1,2025,False
2025-01-12,-2.8,3.4,-8.4,11.8,0.0,-3.7142857142857153,-0.6033333333333334,1,2025,False
2025-01-13,0.0,5.2,-6.5,11.7,0.0,-3.9142857142857155,-0.6066666666666667,1,2025,False
2025-01-14,3.5,9.2,0.4,8.8,0.0,-3.1571428571428584,-0.5466666666666667,1,2025,False
2025-01-15,-2.5,1.5,-4.8,6.3,0.0,-3.0857142857142867,-0.6866666666666668,1,2025,False
2025-01-16,0.3,5.6,-5.3,10.9,0.0,-1.8000000000000012,-0.7133333333333333,1,2025,False
2025-01-17,0.5,6.8,-3.8,10.6,0.0,-0.6285714285714298,-0.6233333333333333,1,2025,False
2025-01-18,0.3,7.1,-6.2,13.3,0.0,-0.10000000000000124,-0.5299999999999999,1,2025,False
2025-01-19,0.9,8.2,-5.3,13.5,0.0,0.4285714285714273,-0.4833333333333333,1,2025,False
2025-01-20,2.2,7.4,-1.3,8.7,0.0,0.7428571428571417,-0.41,1,2025,False
2025-01-21,1.5,8.4,-3.5,11.9,0.0,0.4571428571428559,-0.26666666666666666,1,2025,False
2025-01-22,2.5,8.7,-2.2,10.9,0.0,1.1714285714285704,-0.14333333333333328,1,2025,False
2025-01-23,1.8,9.8,-3.1,12.9,0.0,1.3857142857142846,-0.08999999999999998,1,2025,False
2025-01-24,1.4,9.1,-4.9,14.0,0.0,1.514285714285713,-0.11999999999999995,1,2025,False
2025-01-25,3.9,10.0,-2.8,12.8,0.0,2.028571428571427,-0.04666666666666662,1,2025,False
2025-01-26,4.5,7.8,1.2,6.6,0.0,2.5428571428571414,0.15333333333333338,1,2025,False
2025-01-27,-0.4,3.7,-3.1,6.8,9.1,2.17142857142857,0.20000000000000004,1,2025,False
2025-01-28,-2.0,0.2,-3.4,3.6,5.7,1.6714285714285702,0.08333333333333338,1,2025,False
2025-01-29,-3.9,0.1,-6.9,7.0,2.1,0.7571428571428559,-0.23999999999999994,1,2025,False
2025-01-30,-3.1,2.2,-8.4,10.6,0.0,0.057142857142855864,-0.3966666666666666,1,2025,False
2025-01-31,0.8,5.4,-3.9,9.3,0.0,-0.028571428571429865,-0.41666666666666663,1,2025,False
2025-02-01,2.6,7.5,0.5,7.0,0.1,-0.2142857142857155,-0.3633333333333333,2,2025,False
2025-02-02,1.3,7.7,-2.0,9.7,0.0,-0.6714285714285727,-0.30666666666666664,2,2025,False
2025-02-03,-2.2,1.2,-6.1,7.3,0.0,-0.9285714285714298,-0.37999999999999995,2,2025,False
2025-02-04,-6.8,-3.4,-8.4,5.0,0.0,-1.6142857142857154,-0.63,2,2025,False
2025-02-05,-6.8,-3.3,-10.5,7.2,0.0,-2.02857142857143,-0.9033333333333332,2,2025,False
2025-02-06,-4.7,0.3,-11.3,11.6,1.0,-2.2571428571428584,-1.0,2,2025,False
2025-02-07,-6.8,-1.4,-9.8,8.4,1.1,-3.3428571428571443,-1.1266666666666665,2,2025,False
2025-02-08,-7.0,-1.8,-11.6,9.8,0.0,-4.714285714285715,-1.0699999999999998,2,2025,False
2025-02-09,-4.4,1.4,-10.3,11.7,0.0,-5.52857142857143,-0.9599999999999999,2,2025,False
2025-02-10,-3.2,1.9,-8.2,10.1,0.0,-5.671428571428573,-0.9533333333333334,2,2025,False
2025-02-11,-0.9,7.6,-7.8,15.4,0.0,-4.828571428571429,-0.89,2,2025,False
2025-02-12,0.7,3.9,-1.5,5.4,7.6,-3.757142857142859,-0.8666666666666667,2,2025,False
2025-02-13,0.5,6.2,-4.8,11.0,0.0,-3.0142857142857156,-0.9666666666666667,2,2025,False
2025-02-14,2.6,10.0,-3.6,13.6,0.0,-1.6714285714285728,-0.7966666666666666,2,2025,False
2025-02-15,2.1,7.9,-3.4,11.3,0.0,-0.3714285714285728,-0.7366666666666667,2,2025,False
2025-02-16,4.1,10.5,-1.1,11.6,0.0,0.8428571428571415,-0.6166666666666667,2,2025,False
2025-02-17,0.6,5.0,-2.7,7.7,0.0,1.3857142857142843,-0.6066666666666667,2,2025,False
2025-02-18,-1.6,2.8,-5.1,7.9,0.0,1.2857142857142845,-0.69,2,2025,False
2025-02-19,-2.7,2.2,-7.8,10.0,0.0,0.7999999999999986,-0.8533333333333333,2,2025,False
2025-02-20,-2.9,3.2,-8.7,11.9,0.0,0.314285714285713,-1.0,2,2025,False
2025-02-21,-2.3,3.3,-8.0,11.3,0.0,-0.385714285714287,-1.16,2,2025,False
2025-02-22,-1.8,3.4,-5.8,9.2,0.5,-0.9428571428571442,-1.2800000000000002,2,2025,False
2025-02-23,-3.3,1.2,-7.8,9.0,0.0,-2.0000000000000013,-1.4366666666666668,2,2025,False
2025-02-24,-1.7,5.3,-8.5,13.8,0.0,-2.3285714285714296,-1.6233333333333335,2,2025,False
2025-02-25,0.8,6.7,-6.2,12.9,0.0,-1.9857142857142869,-1.7466666666666666,2,2025,False
2025-02-26,4.2,10.0,-0.1,10.1,0.0,-1.0000000000000013,-1.5933333333333333,2,2025,False
2025-02-27,5.5,14.6,-4.3,18.9,0.0,0.1999999999999988,-1.3433333333333333,2,2025,False
2025-02-28,8.2,14.4,4.4,10.0,0.0,1.6999999999999986,-0.9400000000000001,2,2025,False
2025-03-01,5.7,7.9,1.0,6.9,7.5,2.77142857142857,-0.6466666666666667,3,2025,False
2025-03-02,8.8,13.8,4.5,9.3,6.8,4.499999999999998,-0.37999999999999995,3,2025,False
2025-03-03,2.8,5.5,0.5,5.0,30.9,5.142857142857141,-0.3733333333333333,3,2025,False
2025-03-04,2.8,4.4,0.9,3.5,2.3,5.428571428571428,-0.32333333333333336,3,2025,False
2025-03-05,4.6,7.7,2.4,5.3,0.0,5.485714285714285,-0.09666666666666668,3,2025,False
2025-03-06,4.1,9.8,-0.7,10.5,0.0,5.285714285714284,0.26666666666666666,3,2025,False
2025-03-07,4.5,11.1,-2.7,13.8,0.0,4.757142857142855,0.6433333333333332,3,2025,False
2025-03-08,5.3,10.6,1.9,8.7,0.0,4.699999999999998,0.9766666666666666,3,2025,False
2025-03-09,5.8,13.5,-1.3,14.8,0.0,4.27142857142857,1.3966666666666663,3,2025,False
2025-03-10,7.4,15.5,0.1,15.4,0.0,4.928571428571426,1.8766666666666665,3,2025,False
2025-03-11,8.6,17.4,0.6,16.8,0.0,5.757142857142855,2.31,3,2025,False
2025-03-12,8.8,15.2,3.0,12.2,0.0,6.357142857142855,2.7100000000000004,3,2025,False
2025-03-13,9.2,15.5,3.9,11.6,0.0,7.085714285714284,3.0466666666666664,3,2025,False
2025-03-14,12.0,19.7,3.3,16.4,0.0,8.157142857142855,3.423333333333333,3,2025,True
2025-03-15,9.8,14.0,7.2,6.8,0.0,8.799999999999999,3.7333333333333334,3,2025,False
2025-03-16,3.8,7.3,0.4,6.9,1.0,8.514285714285714,3.7733333333333334,3,2025,False
2025-03-17,3.1,8.2,-1.4,9.6,0.0,7.899999999999999,3.8066666666666666,3,2025,False
2025-03-18,1.1,2.8,-0.8,3.6,5.5,6.8285714285714265,3.706666666666666,3,2025,False
2025-03-19,2.0,7.9,-3.6,11.5,0.0,5.857142857142855,3.753333333333333,3,2025,False
2025-03-20,6.5,14.6,-2.1,16.7,0.0,5.47142857142857,4.0233333333333325,3,2025,False
2025-03-21,12.1,20.2,7.2,13.0,0.0,5.485714285714285,4.516666666666667,3,2025,True
2025-03-22,13.4,23.4,4.7,18.7,0.0,5.999999999999998,5.0600000000000005,3,2025,True
2025-03-23,14.6,24.9,5.8,19.1,0.0,7.542857142857142,5.623333333333333,3,2025,True
2025-03-24,15.4,21.0,10.8,10.2,0.0,9.299999999999999,6.196666666666667,3,2025,True
2025-03-25,14.2,24.9,9.0,15.9,0.0,11.171428571428569,6.78,3,2025,True
2025-03-26,17.2,27.1,4.8,22.3,0.0,13.342857142857142,7.41,3,2025,True
2025-03-27,15.0,20.8,7.1,13.7,0.7,14.557142857142855,7.883333333333334,3,2025,True
2025-03-28,6.4,11.2,3.5,7.7,0.0,13.742857142857142,7.956666666666666,3,2025,False
2025-03-29,2.6,7.3,-0.9,8.2,0.3,12.2,7.86,3,2025,False
2025-03-30,3.2,8.4,-3.5,11.9,0.0,10.571428571428571,7.693333333333333,3,2025,False
2025-03-31,7.0,13.8,0.1,13.7,0.0,9.37142857142857,7.736666666666666,3,2025,False
2025-04-01,8.8,17.4,1.3,16.1,0.0,8.599999999999998,7.736666666666667,4,2025,False
2025-04-02,8.4,17.1,2.0,15.1,0.0,7.342857142857142,7.923333333333333,4,2025,False
2025-04-03,9.0,16.0,2.5,13.5,0.0,6.485714285714285,8.129999999999999,4,2025,False
2025-04-04,10.7,17.5,5.4,12.1,0.0,7.099999999999999,8.333333333333334,4,2025,True
2025-04-05,8.7,12.5,6.9,5.6,7.3,7.97142857142857,8.486666666666666,4,2025,False
2025-04-06,9.9,17.0,3.9,13.1,0.0,8.928571428571427,8.666666666666666,4,2025,False
2025-04-07,13.0,20.5,2.7,17.8,0.0,9.785714285714283,8.923333333333334,4,2025,True
2025-04-08,14.6,20.2,8.9,11.3,0.0,10.614285714285712,9.216666666666667,4,2025,True
2025-04-09,12.6,20.4,3.7,16.7,0.0,11.214285714285712,9.389999999999999,4,2025,True
2025-04-10,13.8,19.1,9.9,9.2,0.0,11.899999999999997,9.563333333333333,4,2025,True
2025-04-11,14.9,24.9,5.0,19.9,0.0,12.5,9.766666666666667,4,2025,True
2025-04-12,13.2,23.0,2.5,20.5,15.4,13.142857142857142,9.9,4,2025,False
2025-04-13,5.3,9.9,0.9,9.0,4.3,12.485714285714284,9.676666666666666,4,2025,False
2025-04-14,5.0,8.9,2.9,6.0,4.8,11.342857142857142,9.516666666666667,4,2025,False
2025-04-15,8.2,14.2,2.5,11.7,0.0,10.428571428571429,9.663333333333334,4,2025,False
2025-04-16,14.9,24.0,4.1,19.9,0.0,10.757142857142856,10.056666666666667,4,2025,True
2025-04-17,21.5,26.9,15.7,11.2,0.0,11.857142857142856,10.736666666666668,4,2025,True
2025-04-18,20.4,25.9,15.8,10.1,0.0,12.642857142857142,11.35,4,2025,True
2025-04-19,19.6,25.5,14.2,11.3,6.8,13.557142857142855,11.786666666666667,4,2025,False
2025-04-20,16.8,23.6,12.5,11.1,0.4,15.2,11.943333333333333,4,2025,True
2025-04-21,20.4,26.3,14.0,12.3,0.0,17.4,12.176666666666668,4,2025,True
2025-04-22,17.3,18.9,16.2,2.7,33.4,18.699999999999996,12.266666666666667,4,2025,False
2025-04-23,17.0,24.3,12.3,12.0,0.0,19.0,12.32,4,2025,True
2025-04-24,14.3,22.0,8.5,13.5,0.0,17.971428571428568,12.323333333333332,4,2025,True
2025-04-25,11.2,18.1,3.3,14.8,0.0,16.657142857142855,12.123333333333333,4,2025,True
2025-04-26,13.0,22.3,4.1,18.2,0.0,15.714285714285712,12.056666666666667,4,2025,True
2025-04-27,15.6,23.6,8.1,15.5,0.0,15.542857142857141,12.363333333333335,4,2025,True
2025-04-28,14.1,21.7,7.6,14.1,0.0,14.64285714285714,12.746666666666666,4,2025,True
2025-04-29,13.4,22.0,4.5,17.5,0.0,14.085714285714284,13.086666666666668,4,2025,True
2025-04-30,17.4,27.0,7.3,19.7,0.0,14.14285714285714,13.433333333333334,4,2025,True
2025-05-01,14.3,20.9,10.6,10.3,19.7,14.14285714285714,13.616666666666667,5,2025,False
2025-05-02,12.6,18.6,6.5,12.1,0.0,14.342857142857142,13.756666666666666,5,2025,True
2025-05-03,9.7,13.7,7.6,6.1,16.1,13.871428571428568,13.780000000000001,5,2025,False
2025-05-04,13.2,20.3,6.0,14.3,0.0,13.528571428571427,13.863333333333335,5,2025,True
2025-05-05,11.0,15.2,6.0,9.2,0.0,13.085714285714284,13.94,5,2025,True
2025-05-06,12.7,17.5,7.8,9.7,0.0,12.985714285714284,14.033333333333333,5,2025,True
2025-05-07,13.8,21.5,5.6,15.9,0.0,12.47142857142857,14.06,5,2025,True
2025-05-08,17.2,24.7,8.4,16.3,0.0,12.885714285714284,14.146666666666667,5,2025,True
2025-05-09,14.8,16.4,12.6,3.8,13.5,13.199999999999998,14.22,5,2025,False
2025-05-10,12.2,15.8,11.4,4.4,4.1,13.557142857142855,14.166666666666666,5,2025,False
2025-05-11,14.6,20.5,10.8,9.7,0.0,13.757142857142854,14.156666666666668,5,2025,True
2025-05-12,16.7,23.8,9.5,14.3,0.0,14.57142857142857,14.273333333333333,5,2025,True
2025-05-13,18.5,26.6,10.9,15.7,0.0,15.399999999999997,14.713333333333335,5,2025,True
2025-05-14,19.9,27.4,10.8,16.6,0.0,16.27142857142857,15.21,5,2025,True
2025-05-15,20.2,23.2,17.0,6.2,2.1,16.699999999999996,15.609999999999998,5,2025,False
2025-05-16,19.7,23.6,16.8,6.8,21.9,17.4,15.770000000000001,5,2025,False
2025-05-17,18.6,24.6,15.1,9.5,0.9,18.314285714285713,15.673333333333334,5,2025,True
2025-05-18,15.5,21.7,11.1,10.6,0.0,18.442857142857143,15.51,5,2025,True
2025-05-19,18.0,22.3,10.1,12.2,0.0,18.628571428571426,15.456666666666667,5,2025,True
2025-05-20,24.0,29.9,20.0,9.9,0.0,19.41428571428571,15.696666666666665,5,2025,True
2025-05-21,24.7,29.5,20.4,9.1,0.0,20.099999999999998,15.84,5,2025,True
2025-05-22,20.5,23.2,18.1,5.1,0.0,20.142857142857142,15.946666666666665,5,2025,True
2025-05-23,19.1,23.8,16.5,7.3,0.0,20.057142857142853,16.016666666666666,5,2025,True
2025-05-24,15.2,17.9,13.8,4.1,0.2,19.571428571428573,16.046666666666667,5,2025,True
2025-05-25,16.9,23.8,10.1,13.7,0.0,19.77142857142857,16.236666666666668,5,2025,True
2025-05-26,18.6,25.9,11.1,14.8,0.0,19.857142857142858,16.423333333333332,5,2025,True
2025-05-27,19.5,26.4,12.3,14.1,0.0,19.214285714285715,16.55333333333333,5,2025,True
2025-05-28,19.8,26.6,13.2,13.4,0.0,18.514285714285712,16.743333333333332,5,2025,True
2025-05-29,20.3,26.8,13.3,13.5,0.0,18.485714285714284,16.973333333333333,5,2025,True
2025-05-30,19.6,26.8,13.5,13.3,0.0,18.557142857142853,17.046666666666667,5,2025,True
2025-05-31,19.7,25.4,12.6,12.8,0.0,19.2,17.226666666666667,5,2025,True
2025-06-01,21.4,29.3,13.8,15.5,0.0,19.842857142857138,17.52,6,2025,True
2025-06-02,19.7,23.5,16.6,6.9,0.0,20.0,17.853333333333335,6,2025,True
2025-06-03,20.2,25.9,15.0,10.9,0.0,20.099999999999998,18.086666666666666,6,2025,True
2025-06-04,19.5,26.4,12.7,13.7,0.0,20.057142857142853,18.37,6,2025,True
2025-06-05,20.2,27.3,11.7,15.6,0.0,20.04285714285714,18.62,6,2025,True
2025-06-06,22.0,29.8,16.1,13.7,0.0,20.385714285714283,18.893333333333334,6,2025,True
2025-06-07,23.0,30.3,16.0,14.3,0.0,20.857142857142858,19.086666666666666,6,2025,True
2025-06-08,24.8,30.6,21.2,9.4,0.0,21.342857142857138,19.42,6,2025,True
2025-06-09,24.4,30.7,20.3,10.4,0.0,22.014285714285712,19.826666666666664,6,2025,True
2025-06-10,22.7,28.1,17.7,10.4,0.0,22.371428571428567,20.096666666666668,6,2025,True
2025-06-11,21.8,29.0,14.3,14.7,0.0,22.699999999999996,20.266666666666666,6,2025,True
2025-06-12,23.6,30.5,16.0,14.5,0.0,23.185714285714283,20.436666666666667,6,2025,True
2025-06-13,20.3,25.1,17.9,7.2,23.3,22.942857142857143,20.45,6,2025,False
2025-06-14,22.7,28.4,19.1,9.3,33.8,22.9,20.533333333333335,6,2025,False
2025-06-15,25.8,31.3,20.3,11.0,8.9,23.04285714285714,20.736666666666668,6,2025,False
2025-06-16,23.4,26.8,21.2,5.6,6.6,22.900000000000002,20.896666666666665,6,2025,False
2025-06-17,23.9,29.7,19.8,9.9,5.4,23.071428571428566,21.176666666666666,6,2025,False
2025-06-18,24.6,30.4,19.6,10.8,0.0,23.47142857142857,21.396666666666665,6,2025,True
2025-06-19,25.8,31.9,18.9,13.0,0.2,23.78571428571428,21.456666666666663,6,2025,False
2025-06-20,24.6,26.5,22.9,3.6,53.1,24.4,21.453333333333333,6,2025,False
2025-06-21,20.7,23.7,17.5,6.2,71.4,24.11428571428571,21.46,6,2025,False
2025-06-22,22.2,28.8,16.8,12.0,0.0,23.599999999999998,21.563333333333333,6,2025,True
2025-06-23,24.1,31.2,16.2,15.0,0.0,23.699999999999996,21.86,6,2025,True
2025-06-24,21.5,25.9,19.2,6.7,16.6,23.357142857142854,22.013333333333332,6,2025,False
2025-06-25,20.5,21.9,19.3,2.6,0.9,22.77142857142857,22.076666666666664,6,2025,True
2025-06-26,22.1,26.7,19.6,7.1,2.7,22.24285714285714,22.163333333333334,6,2025,False
2025-06-27,24.5,29.9,19.8,10.1,0.0,22.228571428571428,22.32,6,2025,True
2025-06-28,26.3,30.6,22.8,7.8,0.0,23.02857142857143,22.52,6,2025,False
2025-06-29,27.5,32.1,24.5,7.6,0.0,23.78571428571428,22.783333333333335,6,2025,False
2025-06-30,27.8,32.8,22.8,10.0,0.0,24.314285714285713,23.053333333333335,6,2025,False
2025-07-01,27.7,32.6,23.7,8.9,0.0,25.199999999999996,23.263333333333332,7,2025,False
2025-07-02,28.0,33.1,24.0,9.1,0.0,26.27142857142857,23.54,7,2025,False
2025-07-03,27.5,32.0,23.9,8.1,0.0,27.04285714285714,23.783333333333335,7,2025,False
2025-07-04,26.7,30.7,23.9,6.8,0.0,27.357142857142858,24.023333333333333,7,2025,False
2025-07-05,27.3,31.9,24.4,7.5,0.0,27.499999999999996,24.259999999999998,7,2025,False
2025-07-06,27.9,32.0,24.4,7.6,0.0,27.557142857142853,24.456666666666663,7,2025,False
2025-07-07,29.3,34.0,25.3,8.7,0.0,27.771428571428572,24.666666666666668,7,2025,False
2025-07-08,30.5,35.7,25.7,10.0,0.0,28.17142857142857,24.85666666666667,7,2025,False
2025-07-09,30.3,34.8,26.1,8.7,0.0,28.499999999999996,25.053333333333335,7,2025,False
2025-07-10,29.4,34.2,24.1,10.1,0.0,28.77142857142857,25.276666666666664,7,2025,False
2025-07-11,28.7,33.8,24.0,9.8,0.0,29.057142857142853,25.506666666666668,7,2025,False
2025-07-12,27.7,33.8,22.1,11.7,0.0,29.11428571428571,25.643333333333334,7,2025,False
2025-07-13,24.4,28.9,21.3,7.6,2.3,28.614285714285707,25.779999999999998,7,2025,False
2025-07-14,22.6,30.1,19.2,10.9,1.7,27.657142857142855,25.776666666666667,7,2025,False
2025-07-15,22.3,25.2,20.3,4.9,3.5,26.485714285714284,25.66,7,2025,False
2025-07-16,22.3,23.7,21.3,2.4,56.0,25.342857142857138,25.62333333333333,7,2025,False
2025-07-17,21.8,22.5,20.9,1.6,192.9,24.25714285714286,25.553333333333335,7,2025,False
2025-07-18,24.0,28.3,21.3,7.0,0.6,23.585714285714285,25.533333333333335,7,2025,True
2025-07-19,24.3,27.9,22.9,5.0,21.9,23.099999999999998,25.483333333333334,7,2025,False
2025-07-20,27.1,32.1,22.7,9.4,0.0,23.485714285714284,25.566666666666666,7,2025,False
2025-07-21,27.6,32.6,23.8,8.8,0.0,24.2,25.796666666666667,7,2025,False
2025-07-22,28.1,32.8,23.9,8.9,0.0,25.02857142857143,25.993333333333336,7,2025,False
2025-07-23,28.1,33.1,23.5,9.6,0.0,25.857142857142854,26.126666666666665,7,2025,False
2025-07-24,28.7,34.3,23.6,10.7,0.0,26.842857142857145,26.366666666666667,7,2025,False
2025-07-25,29.6,35.1,24.0,11.1,0.0,27.642857142857142,26.67,7,2025,False
2025-07-26,29.8,34.9,24.4,10.5,0.0,28.428571428571427,26.926666666666666,7,2025,False
2025-07-27,30.5,36.1,25.4,10.7,0.0,28.91428571428571,27.126666666666665,7,2025,False
2025-07-28,29.7,34.9,25.4,9.5,0.0,29.214285714285715,27.240000000000002,7,2025,False
2025-07-29,29.9,35.9,24.4,11.5,0.0,29.471428571428568,27.32,7,2025,False
2025-07-30,29.8,34.6,25.1,9.5,0.0,29.71428571428571,27.386666666666663,7,2025,False
2025-07-31,29.4,34.2,25.6,8.6,0.0,29.814285714285713,27.443333333333335,7,2025,False
2025-08-01,29.4,35.6,24.1,11.5,0.0,29.785714285714285,27.490000000000002,8,2025,False
2025-08-02,30.0,35.3,24.3,11.0,0.0,29.814285714285713,27.573333333333334,8,2025,False
2025-08-03,26.3,30.2,21.6,8.6,45.8,29.21428571428571,27.56,8,2025,False
2025-08-04,27.3,31.0,22.8,8.2,30.6,28.87142857142857,27.560000000000002,8,2025,False
2025-08-05,28.2,32.9,23.3,9.6,0.0,28.628571428571426,27.57,8,2025,False
2025-08-06,27.0,29.4,25.5,3.9,8.3,28.228571428571424,27.493333333333332,8,2025,False
2025-08-07,26.3,31.0,22.4,8.6,0.0,27.785714285714285,27.353333333333335,8,2025,False
2025-08-08,24.9,29.6,21.1,8.5,0.0,27.142857142857142,27.173333333333336,8,2025,True
2025-08-09,23.7,26.0,22.0,4.0,0.6,26.24285714285714,26.983333333333334,8,2025,True
2025-08-10,25.5,31.3,20.5,10.8,0.0,26.128571428571426,26.876666666666665,8,2025,False
2025-08-11,23.7,27.1,21.8,5.3,2.7,25.614285714285707,26.743333333333332,8,2025,False
2025-08-12,24.1,28.9,21.0,7.9,0.1,25.02857142857143,26.733333333333334,8,2025,True
2025-08-13,26.3,30.9,23.2,7.7,2.9,24.928571428571423,26.856666666666666,8,2025,False
2025-08-14,27.3,30.8,23.7,7.1,0.8,25.071428571428573,27.023333333333333,8,2025,False
2025-08-15,27.7,32.4,24.1,8.3,0.0,25.471428571428568,27.203333333333333,8,2025,False
2025-08-16,27.1,32.1,24.1,8.0,0.0,25.957142857142856,27.38,8,2025,False
2025-08-17,27.1,32.5,22.8,9.7,0.0,26.185714285714283,27.483333333333334,8,2025,False
2025-08-18,27.7,33.1,24.1,9.0,0.0,26.757142857142856,27.596666666666668,8,2025,False
2025-08-19,28.3,32.6,25.3,7.3,0.0,27.357142857142858,27.636666666666667,8,2025,False
2025-08-20,28.0,33.2,24.0,9.2,0.0,27.599999999999998,27.65,8,2025,False
2025-08-21,28.7,34.8,24.3,10.5,0.0,27.799999999999994,27.669999999999998,8,2025,False
2025-08-22,28.0,33.3,24.4,8.9,0.0,27.842857142857138,27.666666666666668,8,2025,False
2025-08-23,28.4,33.8,23.2,10.6,0.0,28.02857142857143,27.65666666666667,8,2025,False
2025-08-24,29.0,34.5,24.6,9.9,0.0,28.3,27.636666666666667,8,2025,False
2025-08-25,29.0,33.6,25.1,8.5,0.0,28.485714285714284,27.610000000000003,8,2025,False
2025-08-26,25.6,29.0,23.7,5.3,45.4,28.099999999999998,27.446666666666665,8,2025,False
2025-08-27,25.2,31.4,22.0,9.4,0.0,27.7,27.296666666666667,8,2025,False
2025-08-28,27.2,32.0,22.4,9.6,0.0,27.485714285714284,27.206666666666667,8,2025,False
2025-08-29,28.3,32.5,25.3,7.2,0.0,27.52857142857143,27.15666666666667,8,2025,False
2025-08-30,28.1,33.5,25.5,8.0,0.0,27.485714285714288,27.113333333333333,8,2025,False
2025-08-31,27.2,32.3,24.2,8.1,0.0,27.228571428571424,27.04,8,2025,False
2025-09-01,26.3,31.2,24.2,7.0,8.0,26.842857142857138,26.916666666666668,9,2025,False
2025-09-02,24.4,29.7,20.7,9.0,0.0,26.67142857142857,26.853333333333335,9,2025,True
2025-09-03,25.6,33.1,19.8,13.3,0.0,26.728571428571428,26.796666666666667,9,2025,False
2025-09-04,26.0,31.3,23.8,7.5,0.2,26.557142857142853,26.723333333333336,9,2025,False
2025-09-05,27.4,33.1,22.7,10.4,0.0,26.428571428571427,26.736666666666668,9,2025,False
2025-09-06,26.9,31.5,22.7,8.8,1.7,26.257142857142856,26.756666666666664,9,2025,False
2025-09-07,24.2,28.7,20.2,8.5,3.2,25.828571428571426,26.733333333333334,9,2025,False
2025-09-08,21.2,24.4,18.0,6.4,0.2,25.099999999999998,26.65,9,2025,True
2025-09-09,20.6,22.3,19.7,2.6,3.1,24.557142857142853,26.486666666666668,9,2025,False
2025-09-10,23.1,29.2,19.1,10.1,0.0,24.2,26.466666666666665,9,2025,True
2025-09-11,24.1,29.8,18.6,11.2,0.0,23.928571428571427,26.466666666666665,9,2025,True
2025-09-12,22.6,25.9,21.1,4.8,28.1,23.24285714285714,26.343333333333337,9,2025,False
2025-09-13,24.4,27.9,21.4,6.5,31.5,22.885714285714283,26.246666666666666,9,2025,False
2025-09-14,24.4,29.0,21.1,7.9,0.0,22.914285714285715,26.136666666666667,9,2025,True
2025-09-15,24.3,28.3,21.4,6.9,0.0,23.357142857142854,26.043333333333333,9,2025,True
2025-09-16,24.8,30.5,22.0,8.5,21.0,23.957142857142856,25.966666666666665,9,2025,False
2025-09-17,22.8,25.5,20.8,4.7,30.6,23.91428571428571,25.803333333333335,9,2025,False
2025-09-18,21.4,26.1,19.5,6.6,0.0,23.52857142857143,25.57333333333333,9,2025,True
2025-09-19,19.7,22.9,17.7,5.2,7.8,23.11428571428571,25.296666666666667,9,2025,False
2025-09-20,19.4,23.3,17.5,5.8,67.5,22.4,24.986666666666668,9,2025,False
2025-09-21,20.7,26.1,16.9,9.2,0.0,21.87142857142857,24.743333333333336,9,2025,True
2025-09-22,20.9,23.8,17.4,6.4,0.0,21.385714285714283,24.493333333333332,9,2025,True
2025-09-23,21.6,26.4,18.0,8.4,0.0,20.928571428571423,24.246666666666666,9,2025,True
2025-09-24,22.2,26.8,18.2,8.6,12.6,20.842857142857138,24.019999999999996,9,2025,False
2025-09-25,21.5,22.5,20.5,2.0,15.0,20.857142857142854,23.883333333333333,9,2025,False
2025-09-26,20.7,25.3,18.3,7.0,0.0,21.0,23.733333333333334,9,2025,True
2025-09-27,22.4,28.0,17.3,10.7,0.0,21.428571428571423,23.57333333333333,9,2025,True
2025-09-28,20.1,21.6,18.0,3.6,29.3,21.342857142857138,23.3,9,2025,False
2025-09-29,19.9,25.0,16.7,8.3,0.0,21.199999999999996,23.026666666666664,9,2025,True
2025-09-30,18.4,23.9,15.2,8.7,0.0,20.74285714285714,22.733333333333334,9,2025,True
2025-10-01,19.2,26.1,14.3,11.8,0.0,20.314285714285713,22.496666666666666,10,2025,True
2025-10-02,19.8,24.9,16.3,8.6,0.5,20.071428571428573,22.34333333333333,10,2025,True
2025-10-03,18.4,19.9,17.8,2.1,16.3,19.74285714285714,22.103333333333335,10,2025,False
2025-10-04,20.8,23.5,18.0,5.5,3.3,19.51428571428571,21.93,10,2025,False
2025-10-05,21.1,24.0,20.1,3.9,0.8,19.657142857142855,21.720000000000002,10,2025,True
2025-10-06,19.6,21.4,17.7,3.7,32.2,19.61428571428571,21.47666666666667,10,2025,False
2025-10-07,19.6,21.2,17.8,3.4,18.4,19.785714285714285,21.32333333333333,10,2025,False
2025-10-08,21.1,25.3,19.2,6.1,2.1,20.057142857142853,21.32,10,2025,False
2025-10-09,21.3,25.8,18.6,7.2,0.0,20.27142857142857,21.343333333333337,10,2025,True
2025-10-10,20.6,25.6,18.0,7.6,0.0,20.585714285714285,21.259999999999998,10,2025,True
2025-10-11,22.7,27.5,18.4,9.1,0.0,20.857142857142858,21.21333333333333,10,2025,True
2025-10-12,20.4,22.4,18.0,4.4,1.5,20.757142857142856,21.139999999999997,10,2025,False
2025-10-13,17.7,18.5,16.3,2.2,45.9,20.485714285714284,20.916666666666668,10,2025,False
2025-10-14,17.5,20.9,15.2,5.7,5.6,20.185714285714283,20.686666666666667,10,2025,False
2025-10-15,19.7,25.2,15.2,10.0,33.7,19.985714285714284,20.533333333333335,10,2025,False
2025-10-16,19.1,22.9,17.3,5.6,26.9,19.67142857142857,20.34333333333333,10,2025,False
2025-10-17,19.4,25.3,15.1,10.2,25.5,19.5,20.23,10,2025,False
2025-10-18,16.3,18.5,13.5,5.0,15.6,18.585714285714285,20.060000000000002,10,2025,False
2025-10-19,15.7,21.2,10.8,10.4,0.0,17.91428571428571,19.926666666666666,10,2025,True
2025-10-20,11.2,16.0,5.9,10.1,0.0,16.985714285714284,19.653333333333332,10,2025,True
2025-10-21,10.6,14.6,7.8,6.8,0.0,15.999999999999996,19.316666666666666,10,2025,True
2025-10-22,13.3,20.5,6.7,13.8,0.0,15.085714285714285,19.063333333333333,10,2025,True
2025-10-23,15.0,21.3,10.3,11.0,0.0,14.499999999999998,18.84333333333333,10,2025,True
2025-10-24,14.9,20.4,10.3,10.1,0.0,13.857142857142856,18.6,10,2025,True
2025-10-25,14.1,19.7,10.5,9.2,0.0,13.542857142857143,18.353333333333335,10,2025,True
2025-10-26,12.2,17.3,10.0,7.3,0.4,13.042857142857141,18.07,10,2025,True
2025-10-27,8.8,12.4,5.8,6.6,0.0,12.7,17.616666666666667,10,2025,False
2025-10-28,8.2,14.7,2.5,12.2,0.0,12.357142857142856,17.220000000000002,10,2025,False
2025-10-29,9.4,17.3,3.2,14.1,0.0,11.799999999999997,16.87,10,2025,False
2025-10-30,10.1,16.8,4.2,12.6,0.0,11.099999999999996,16.593333333333334,10,2025,True
2025-10-31,11.7,20.0,5.4,14.6,0.0,10.64285714285714,16.343333333333334,10,2025,True
2025-11-01,13.0,17.9,9.7,8.2,3.8,10.485714285714284,16.116666666666667,11,2025,False
2025-11-02,9.0,13.1,4.8,8.3,0.5,10.028571428571427,15.803333333333335,11,2025,False
2025-11-03,6.4,14.5,-1.0,15.5,0.0,9.685714285714283,15.323333333333332,11,2025,False
2025-11-04,9.8,17.5,4.0,13.5,0.0,9.914285714285711,14.946666666666665,11,2025,False
2025-11-05,9.7,17.7,4.9,12.8,0.0,9.957142857142856,14.616666666666667,11,2025,False
2025-11-06,11.0,20.1,5.0,15.1,0.0,10.085714285714284,14.33,11,2025,True
2025-11-07,12.6,20.6,7.5,13.1,0.0,10.214285714285712,14.046666666666669,11,2025,True
2025-11-08,13.3,17.5,9.1,8.4,0.0,10.257142857142854,13.780000000000001,11,2025,True
2025-11-09,13.3,18.3,9.3,9.0,0.0,10.87142857142857,13.536666666666665,11,2025,True
2025-11-10,8.6,13.7,3.1,10.6,0.0,11.185714285714283,13.066666666666666,11,2025,False
2025-11-11,8.3,15.6,2.5,13.1,0.0,10.97142857142857,12.663333333333334,11,2025,False
2025-11-12,8.2,15.8,2.6,13.2,0.0,10.757142857142854,12.346666666666666,11,2025,False
2025-11-13,9.2,17.8,2.8,15.0,0.0,10.499999999999998,12.069999999999999,11,2025,False
2025-11-14,8.1,15.9,1.7,14.2,0.0,9.857142857142856,11.683333333333334,11,2025,False
2025-11-15,8.1,16.1,2.2,13.9,0.0,9.114285714285712,11.316666666666666,11,2025,False
2025-11-16,10.8,19.2,4.1,15.1,2.0,8.757142857142854,11.03,11,2025,False
2025-11-17,5.1,11.1,2.3,8.8,0.0,8.257142857142854,10.656666666666666,11,2025,False
2025-11-18,2.9,7.1,-1.3,8.4,0.0,7.485714285714283,10.229999999999999,11,2025,False
2025-11-19,4.1,10.0,-0.1,10.1,0.0,6.899999999999998,9.993333333333334,11,2025,False
2025-11-20,7.8,15.0,0.1,14.9,0.0,6.6999999999999975,9.9,11,2025,False
2025-11-21,6.1,12.5,0.5,12.0,0.0,6.414285714285712,9.66,11,2025,False
2025-11-22,7.3,14.5,1.3,13.2,0.0,6.299999999999998,9.403333333333334,11,2025,False
2025-11-23,9.0,14.7,3.6,11.1,0.0,6.04285714285714,9.206666666666667,11,2025,False
2025-11-24,11.3,17.7,6.9,10.8,0.0,6.928571428571426,9.113333333333335,11,2025,True
2025-11-25,7.7,10.6,6.5,4.1,3.8,7.614285714285713,8.963333333333333,11,2025,False
2025-11-26,6.7,11.4,2.2,9.2,0.0,7.985714285714285,8.893333333333334,11,2025,False
2025-11-27,5.0,8.7,0.7,8.0,9.4,7.585714285714283,8.786666666666665,11,2025,False
2025-11-28,3.4,8.9,-0.5,9.4,0.0,7.199999999999998,8.586666666666668,11,2025,False
2025-11-29,6.5,14.1,-2.7,16.8,0.0,7.085714285714284,8.466666666666667,11,2025,False
2025-11-30,12.8,17.4,8.9,8.5,0.0,7.628571428571426,8.503333333333334,11,2025,True
2025-12-01,7.0,11.7,1.9,9.8,0.0,7.0142857142857125,8.303333333333333,12,2025,False
2025-12-02,1.9,5.8,-1.8,7.6,0.0,6.185714285714283,8.066666666666666,12,2025,False
2025-12-03,-3.6,-0.1,-6.1,6.0,0.0,4.714285714285713,7.733333333333333,12,2025,False
2025-12-04,-1.9,4.0,-8.1,12.1,0.6,3.728571428571427,7.343333333333334,12,2025,False
2025-12-05,-1.2,4.1,-5.7,9.8,0.0,3.07142857142857,6.98,12,2025,False
2025-12-06,3.4,9.6,-5.3,14.9,0.0,2.6285714285714263,6.7266666666666675,12,2025,False
2025-12-07,9.0,13.7,3.7,10.0,0.0,2.0857142857142836,6.6066666666666665,12,2025,False
2025-12-08,4.2,9.0,-1.2,10.2,0.0,1.6857142857142837,6.303333333333333,12,2025,False
2025-12-09,1.7,8.5,-3.9,12.4,0.0,1.657142857142855,5.916666666666667,12,2025,False
2025-12-10,4.7,12.0,-1.3,13.3,0.0,2.8428571428571408,5.786666666666666,12,2025,False
2025-12-11,4.7,10.7,-0.8,11.5,5.2,3.785714285714284,5.666666666666667,12,2025,False
2025-12-12,2.4,8.8,-3.8,12.6,0.0,4.299999999999998,5.473333333333333,12,2025,False
2025-12-13,3.5,6.3,1.1,5.2,9.7,4.314285714285712,5.283333333333333,12,2025,False
2025-12-14,1.1,3.8,-0.7,4.5,0.0,3.185714285714284,5.05,12,2025,False
2025-12-15,1.4,6.3,-2.6,8.9,0.0,2.785714285714284,4.826666666666666,12,2025,False
2025-12-16,5.0,9.0,1.0,8.0,0.0,3.2571428571428553,4.633333333333334,12,2025,False
2025-12-17,4.6,8.6,-0.7,9.3,0.0,3.242857142857141,4.616666666666666,12,2025,False
2025-12-18,1.9,10.2,-3.1,13.3,0.0,2.8428571428571408,4.583333333333333,12,2025,False
2025-12-19,3.6,10.6,-1.9,12.5,0.0,3.0142857142857125,4.566666666666666,12,2025,False
2025-12-20,7.4,13.0,3.3,9.7,0.0,3.5714285714285694,4.553333333333333,12,2025,False
2025-12-21,-0.1,4.3,-3.8,8.1,0.0,3.3999999999999977,4.346666666666667,12,2025,False
2025-12-22,-1.0,6.6,-6.9,13.5,0.0,3.0571428571428547,4.069999999999999,12,2025,False
2025-12-23,1.6,5.7,-2.6,8.3,11.9,2.5714285714285694,3.8233333333333333,12,2025,False
2025-12-24,2.7,4.8,-0.8,5.6,1.5,2.299999999999998,3.536666666666667,12,2025,False
2025-12-25,-2.0,2.6,-6.3,8.9,0.0,1.7428571428571407,3.2133333333333334,12,2025,False
2025-12-26,-6.5,-2.5,-9.5,7.0,0.0,0.29999999999999805,2.7733333333333334,12,2025,False
2025-12-27,-3.7,-0.7,-8.6,7.9,0.2,-1.2857142857142878,2.4833333333333334,12,2025,False
2025-12-28,3.0,8.0,-1.2,9.2,0.0,-0.842857142857145,2.47,12,2025,False
2025-12-29,4.7,10.5,1.4,9.1,1.4,-0.028571428571430628,2.4100000000000006,12,2025,False
2025-12-30,0.2,5.0,-3.0,8.0,0.0,-0.2285714285714306,1.99,12,2025,False
2025-12-31,-3.7,-1.1,-6.7,5.6,0.0,-1.1428571428571448,1.6333333333333333,12,2025,False
2026-01-01,-6.0,-1.9,-9.6,7.7,0.0,-1.7142857142857164,1.37,1,2026,False
2026-01-02,-6.3,-1.1,-10.6,9.5,0.0,-1.685714285714288,1.28,1,2026,False
2026-01-03,-3.6,1.5,-10.6,12.1,0.0,-1.6714285714285737,1.2233333333333334,1,2026,False
2026-01-04,2.0,6.8,-1.1,7.9,0.0,-1.8142857142857163,1.3299999999999998,1,2026,False
2026-01-05,-0.9,3.9,-4.5,8.4,0.0,-2.614285714285716,1.1866666666666668,1,2026,False
2026-01-06,-1.3,6.0,-8.3,14.3,0.0,-2.8285714285714305,0.8433333333333334,1,2026,False
2026-01-07,0.3,5.0,-3.0,8.0,0.0,-2.2571428571428593,0.7133333333333334,1,2026,False
2026-01-08,-3.8,1.2,-7.1,8.3,0.0,-1.9428571428571448,0.53,1,2026,False
2026-01-09,0.6,5.9,-8.0,13.9,0.0,-0.9571428571428592,0.3933333333333333,1,2026,False
2026-01-10,3.0,8.0,-2.6,10.6,2.0,-0.014285714285716329,0.3366666666666667,1,2026,False
2026-01-11,-5.3,-1.8,-8.4,6.6,0.0,-1.0571428571428592,0.08000000000000002,1,2026,False
2026-01-12,-2.4,3.2,-9.7,12.9,0.5,-1.2714285714285734,-0.11666666666666664,1,2026,False
2026-01-13,-0.1,3.8,-5.2,9.0,0.2,-1.1000000000000019,-0.15666666666666665,1,2026,False
2026-01-14,-1.6,3.3,-8.7,12.0,0.0,-1.3714285714285734,-0.25666666666666665,1,2026,False
2026-01-15,6.7,13.2,1.4,11.8,0.0,0.1285714285714266,-0.19999999999999998,1,2026,False
2026-01-16,1.4,8.2,-2.1,10.3,0.0,0.24285714285714086,-0.3066666666666666,1,2026,False
2026-01-17,1.5,7.4,-2.3,9.7,0.0,0.028571428571426565,-0.31999999999999995,1,2026,False
2026-01-18,0.6,5.3,-4.6,9.9,0.0,0.8714285714285693,-0.42,1,2026,False
2026-01-19,-1.6,2.8,-7.5,10.3,0.5,0.9857142857142838,-0.7200000000000001,1,2026,False
2026-01-20,-6.4,0.0,-9.7,9.7,0.0,0.08571428571428363,-0.9299999999999999,1,2026,False
2026-01-21,-7.2,-3.4,-9.8,6.4,0.0,-0.7142857142857163,-1.1366666666666667,1,2026,False
2026-01-22,-7.5,-2.1,-12.5,10.4,0.0,-2.7428571428571447,-1.4400000000000002,1,2026,False
2026-01-23,-4.8,1.2,-10.5,11.7,0.0,-3.628571428571431,-1.6900000000000002,1,2026,False
2026-01-24,-3.3,0.2,-7.8,8.0,0.9,-4.314285714285717,-1.7333333333333334,1,2026,False
2026-01-25,-4.3,1.3,-9.5,10.8,0.0,-5.014285714285717,-1.6600000000000001,1,2026,False
2026-01-26,-3.8,1.8,-10.2,12.0,0.0,-5.32857142857143,-1.6633333333333333,1,2026,False
2026-01-27,-2.3,1.6,-5.1,6.7,0.0,-4.7428571428571455,-1.84,1,2026,False
2026-01-28,-4.5,0.5,-9.4,9.9,0.0,-4.357142857142859,-2.146666666666667,1,2026,False
2026-01-29,-3.7,2.4,-8.3,10.7,0.0,-3.8142857142857163,-2.276666666666667,1,2026,False
2026-01-30,-5.3,0.8,-10.4,11.2,0.0,-3.8857142857142875,-2.33,1,2026,False
2026-01-31,-4.3,3.0,-10.4,13.4,0.0,-4.02857142857143,-2.2733333333333334,1,2026,False
2026-02-01,-1.8,3.3,-5.5,8.8,0.0,-3.6714285714285735,-2.123333333333333,2,2026,False
2026-02-02,-2.7,0.6,-6.3,6.9,3.0,-3.5142857142857165,-2.0933333333333333,2,2026,False
2026-02-03,-1.3,6.2,-8.9,15.1,0.0,-3.3714285714285737,-2.203333333333333,2,2026,False
2026-02-04,1.6,8.2,-2.9,11.1,0.0,-2.500000000000002,-2.12,2,2026,False
2026-02-05,4.1,12.3,-1.2,13.5,0.0,-1.385714285714288,-1.9400000000000002,2,2026,False
2026-02-06,-3.4,1.0,-6.9,7.9,0.0,-1.1142857142857163,-2.0633333333333335,2,2026,False
2026-02-07,-6.1,-1.7,-9.1,7.4,0.0,-1.3714285714285737,-2.14,2,2026,False
2026-02-08,-7.0,-2.1,-10.2,8.1,0.0,-2.1142857142857165,-2.393333333333333,2,2026,False
2026-02-09,-2.6,4.7,-10.0,14.7,0.0,-2.1000000000000023,-2.5799999999999996,2,2026,False
2026-02-10,1.0,5.8,-4.0,9.8,0.0,-1.7714285714285736,-2.3699999999999997,2,2026,False
2026-02-11,2.5,7.5,-1.0,8.5,0.0,-1.6428571428571448,-2.206666666666666,2,2026,False
2026-02-12,0.7,8.7,-5.7,14.4,0.0,-2.128571428571431,-2.1799999999999997,2,2026,False
2026-02-13,4.3,12.0,-2.0,14.0,0.0,-1.0285714285714307,-1.9833333333333334,2,2026,False
2026-02-14,6.0,13.8,-0.1,13.9,0.0,0.6999999999999978,-2.006666666666667,2,2026,False
2026-02-15,5.5,12.1,0.5,11.6,0.0,2.4857142857142835,-1.87,2,2026,False
2026-02-16,1.8,7.8,-2.2,10.0,0.0,3.1142857142857125,-1.8599999999999999,2,2026,False
2026-02-17,1.0,8.9,-5.1,14.0,0.0,3.1142857142857125,-1.8466666666666667,2,2026,False
2026-02-18,1.6,9.7,-2.9,12.6,0.0,2.9857142857142835,-1.7399999999999998,2,2026,False
2026-02-19,1.6,9.0,-6.0,15.0,0.0,3.1142857142857125,-1.4733333333333334,2,2026,False
2026-02-20,4.7,13.4,-3.6,17.0,0.0,3.1714285714285695,-1.0766666666666667,2,2026,False
2026-02-21,10.1,17.8,0.5,17.3,0.0,3.7571428571428553,-0.49000000000000005,2,2026,True
2026-02-22,9.0,14.3,-0.1,14.4,0.0,4.257142857142855,-0.030000000000000013,2,2026,False
2026-02-23,2.0,8.7,-4.9,13.6,0.0,4.285714285714284,0.14666666666666664,2,2026,False
2026-02-24,0.9,2.0,-1.2,3.2,7.1,4.27142857142857,0.32,2,2026,False
2026-02-25,4.9,12.4,-2.5,14.9,0.0,4.742857142857141,0.6099999999999999,2,2026,False
2026-02-26,7.2,12.4,0.1,12.3,0.0,5.542857142857142,0.9266666666666666,2,2026,False
2026-02-27,8.1,11.9,4.0,7.9,0.1,6.028571428571427,1.3466666666666665,2,2026,False
2026-02-28,7.5,15.3,0.2,15.1,0.0,5.657142857142857,1.7199999999999998,2,2026,False
2026-03-01,8.5,14.0,4.6,9.4,0.0,5.585714285714284,2.1799999999999997,3,2026,False
2026-03-02,5.6,7.5,4.2,3.3,18.8,6.099999999999999,2.51,3,2026,False
2026-03-03,6.7,12.5,2.8,9.7,1.0,6.928571428571426,2.7933333333333334,3,2026,False
2026-03-04,5.9,11.9,0.4,11.5,0.0,7.071428571428569,3.0799999999999996,3,2026,False
2026-03-05,6.2,14.1,-0.2,14.3,8.2,6.928571428571426,3.33,3,2026,False
2026-03-06,1.2,4.2,-0.5,4.7,3.3,5.942857142857141,3.316666666666667,3,2026,False
2026-03-07,0.6,6.1,-3.8,9.9,0.0,4.9571428571428555,3.2,3,2026,False
2026-03-08,1.3,8.3,-5.2,13.5,0.0,3.9285714285714266,3.3566666666666665,3,2026,False
2026-03-09,2.4,7.7,-0.6,8.3,0.2,3.471428571428569,3.64,3,2026,False
2026-03-10,3.0,9.9,-3.8,13.7,0.0,2.942857142857141,3.9733333333333336,3,2026,False
2026-03-11,4.0,11.4,-2.1,13.5,0.0,2.67142857142857,4.193333333333333,3,2026,False
2026-03-12,6.1,13.1,-1.0,14.1,0.0,2.6571428571428553,4.363333333333333,3,2026,False
2026-03-13,6.6,12.9,0.8,12.1,0.0,3.4285714285714266,4.5,3,2026,False
2026-03-14,7.3,13.9,1.5,12.4,0.0,4.3857142857142835,4.72,3,2026,False
2026-03-15,5.5,8.5,2.8,5.7,0.0,4.985714285714283,4.76,3,2026,False
2026-03-16,6.8,14.3,-0.1,14.4,0.0,5.614285714285712,4.786666666666666,3,2026,False
2026-03-17,8.3,16.8,0.0,16.8,0.0,6.371428571428569,4.88,3,2026,False
2026-03-18,5.5,7.1,2.7,4.4,11.1,6.585714285714284,5.003333333333334,3,2026,False
2026-03-19,5.2,12.6,-0.8,13.4,0.0,6.457142857142855,5.1433333333333335,3,2026,False
2026-03-20,6.0,14.5,-2.7,17.2,0.0,6.371428571428568,5.29,3,2026,False
2026-03-21,7.5,16.6,-0.5,17.1,0.0,6.399999999999998,5.486666666666666,3,2026,False
2026-03-22,9.7,18.6,3.4,15.2,0.0,6.999999999999998,5.653333333333333,3,2026,False
2026-03-23,10.7,19.5,1.4,18.1,0.0,7.557142857142856,5.673333333333334,3,2026,True
2026-03-24,12.4,19.6,6.1,13.5,0.0,8.14285714285714,5.786666666666667,3,2026,True
2026-03-25,12.4,18.9,8.0,10.9,0.0,9.128571428571426,6.133333333333334,3,2026,True
2026-03-26,11.7,21.5,3.6,17.9,0.0,10.057142857142855,6.493333333333334,3,2026,True
2026-03-27,11.6,20.9,4.3,16.6,0.0,10.857142857142856,6.716666666666667,3,2026,True
2026-03-28,12.2,21.0,5.1,15.9,0.0,11.528571428571427,6.883333333333334,3,2026,True
2026-03-29,12.7,21.7,4.6,17.1,0.0,11.957142857142856,7.036666666666666,3,2026,True
2026-03-30,12.4,18.1,8.3,9.8,12.6,12.199999999999998,7.2,3,2026,False
2026-03-31,13.5,18.4,10.2,8.2,20.4,12.357142857142856,7.366666666666666,3,2026,False
2026-04-01,12.0,16.6,7.5,9.1,0.0,12.299999999999997,7.579999999999999,4,2026,True
2026-04-02,10.6,19.1,3.1,16.0,0.0,12.14285714285714,7.71,4,2026,True
2026-04-03,13.9,22.4,5.4,17.0,0.0,12.47142857142857,7.9766666666666675,4,2026,True
2026-04-04,11.3,16.5,7.0,9.5,29.2,12.34285714285714,8.146666666666667,4,2026,False
2026-04-05,11.1,17.6,6.0,11.6,0.0,12.114285714285712,8.476666666666667,4,2026,True
2026-04-06,9.8,15.6,6.1,9.5,7.1,11.742857142857142,8.783333333333333,4,2026,False
2026-04-07,7.1,13.5,0.1,13.4,0.0,10.828571428571426,8.976666666666667,4,2026,False
2026-04-08,9.2,18.3,-0.5,18.8,0.0,10.428571428571427,9.203333333333335,4,2026,False
2026-04-09,10.2,14.6,7.6,7.0,13.8,10.37142857142857,9.443333333333333,4,2026,False
2026-04-10,10.5,14.2,8.6,5.6,1.1,9.885714285714284,9.66,4,2026,False
2026-04-11,12.9,20.1,7.3,12.8,0.0,10.114285714285712,9.886666666666665,4,2026,True
2026-04-12,14.6,23.2,7.6,15.6,0.0,10.614285714285712,10.153333333333334,4,2026,True
2026-04-13,18.0,27.6,7.5,20.1,0.0,11.785714285714283,10.51,4,2026,True
2026-04-14,18.0,24.5,12.4,12.1,0.0,13.34285714285714,10.926666666666668,4,2026,True
2026-04-15,18.2,25.7,11.0,14.7,0.0,14.628571428571428,11.306666666666667,4,2026,True
2026-04-16,18.9,25.4,12.4,13.0,0.0,15.871428571428568,11.659999999999998,4,2026,True
2026-04-17,15.0,19.9,11.7,8.2,0.0,16.514285714285712,11.976666666666665,4,2026,True
2026-04-18,17.5,26.5,8.3,18.2,0.0,17.171428571428567,12.386666666666667,4,2026,True
2026-04-19,19.5,28.3,11.9,16.4,0.0,17.87142857142857,12.836666666666668,4,2026,True
2026-04-20,12.1,18.0,4.4,13.6,0.2,17.02857142857143,12.99,4,2026,True
2026-04-21,11.9,21.8,1.7,20.1,0.0,16.157142857142855,13.063333333333333,4,2026,True
2026-04-22,13.6,20.4,9.5,10.9,0.0,15.499999999999998,13.16,4,2026,True
2026-04-23,16.1,23.4,8.1,15.3,0.0,15.099999999999998,13.283333333333333,4,2026,True
2026-04-24,16.0,25.3,7.2,18.1,0.0,15.242857142857142,13.403333333333334,4,2026,True
2026-04-25,16.6,27.5,7.5,20.0,0.0,15.114285714285712,13.566666666666666,4,2026,True
2026-04-26,16.3,26.0,7.5,18.5,0.0,14.657142857142857,13.723333333333333,4,2026,True
2026-04-27,15.9,22.8,8.5,14.3,0.0,15.199999999999998,13.846666666666668,4,2026,True
2026-04-28,13.5,18.3,8.7,9.6,0.0,15.428571428571427,13.873333333333335,4,2026,True
2026-04-29,13.6,19.1,6.4,12.7,0.0,15.428571428571427,13.913333333333332,4,2026,True
2026-04-30,15.8,22.7,7.9,14.8,0.0,15.385714285714284,13.99,4,2026,True
2026-05-01,15.9,23.0,11.4,11.6,0.0,15.37142857142857,14.12,5,2026,True
2026-05-02,16.4,22.7,9.3,13.4,0.0,15.342857142857142,14.313333333333334,5,2026,True
2026-05-03,12.3,15.3,9.9,5.4,21.4,14.771428571428569,14.26,5,2026,False
2026-05-04,13.3,19.3,8.2,11.1,0.0,14.399999999999997,14.326666666666664,5,2026,True
2026-05-05,13.9,21.9,6.2,15.7,0.0,14.457142857142856,14.42,5,2026,True
2026-05-06,16.1,24.9,6.7,18.2,0.0,14.814285714285713,14.629999999999999,5,2026,True
2026-05-07,15.7,21.8,10.2,11.6,0.5,14.799999999999997,14.916666666666666,5,2026,True
2026-05-08,14.3,20.2,8.8,11.4,0.0,14.571428571428568,15.086666666666666,5,2026,True
2026-05-09,14.7,23.9,5.6,18.3,0.0,14.328571428571426,15.236666666666668,5,2026,True
2026-05-10,16.8,25.6,7.8,17.8,0.0,14.97142857142857,15.446666666666665,5,2026,True
2026-05-11,17.7,23.5,10.8,12.7,0.6,15.599999999999996,15.606666666666667,5,2026,True
2026-05-12,16.1,21.1,14.2,6.9,34.1,15.914285714285713,15.656666666666666,5,2026,False
2026-05-13,19.1,27.1,14.0,13.1,0.0,16.342857142857138,15.693333333333333,5,2026,True
2026-05-14,21.8,29.5,13.7,15.8,0.0,17.214285714285715,15.82,5,2026,True
2026-05-15,21.7,30.2,14.4,15.8,0.0,18.27142857142857,15.936666666666667,5,2026,True
2026-05-16,21.6,30.2,13.7,16.5,0.0,19.257142857142856,16.026666666666667,5,2026,True
2026-05-17,21.5,30.1,13.4,16.7,0.0,19.928571428571423,16.243333333333332,5,2026,True
2026-05-18,22.1,29.4,13.9,15.5,0.0,20.557142857142857,16.396666666666665,5,2026,True
2026-05-19,21.2,26.8,14.9,11.9,0.0,21.285714285714285,16.453333333333333,5,2026,True
2026-05-20,16.0,20.0,14.8,5.2,80.1,20.842857142857138,16.583333333333332,5,2026,False
2026-05-21,16.9,18.5,14.9,3.6,6.7,20.14285714285714,16.750000000000004,5,2026,False
2026-05-22,20.5,25.7,15.1,10.6,0.0,19.971428571428568,16.98,5,2026,True
2026-05-23,18.6,24.9,14.3,10.6,0.0,19.54285714285714,17.063333333333333,5,2026,True
2026-05-24,20.8,27.8,13.7,14.1,0.0,19.442857142857143,17.223333333333336,5,2026,True
2026-05-25,23.3,30.2,15.8,14.4,0.0,19.61428571428571,17.446666666666665,5,2026,True
2026-05-26,23.6,29.1,20.3,8.8,0.0,19.957142857142856,17.69,5,2026,True
2026-05-27,21.6,24.9,19.2,5.7,13.8,20.757142857142856,17.880000000000003,5,2026,False
2026-05-28,20.9,26.1,17.0,9.1,1.3,21.328571428571426,18.12666666666667,5,2026,False
2026-05-29,20.4,26.5,16.2,10.3,0.0,21.314285714285713,18.353333333333335,5,2026,True
2026-05-30,21.4,29.9,12.3,17.6,0.0,21.714285714285715,18.54,5,2026,True
2026-05-31,23.0,31.7,14.7,17.0,0.0,22.02857142857143,18.776666666666664,5,2026,True
2026-06-01,22.8,29.1,15.8,13.3,0.0,21.957142857142856,18.990000000000002,6,2026,True
2026-06-02,23.0,28.9,18.8,10.1,0.0,21.871428571428567,19.34666666666667,6,2026,True
2026-06-03,24.2,30.1,17.9,12.2,0.0,22.24285714285714,19.709999999999997,6,2026,True
2026-06-04,23.8,28.7,20.3,8.4,3.7,22.657142857142855,20.040000000000003,6,2026,False
2026-06-05,20.2,24.9,15.7,9.2,0.0,22.628571428571426,20.176666666666666,6,2026,True
2026-06-06,21.4,29.0,11.9,17.1,0.0,22.628571428571426,20.366666666666667,6,2026,True
2026-06-07,22.9,27.8,18.1,9.7,0.0,22.61428571428571,20.65333333333333,6,2026,True
2026-06-08,19.8,23.3,16.9,6.4,0.0,22.185714285714283,20.823333333333334,6,2026,True
2026-06-09,20.5,28.2,13.9,14.3,0.0,21.828571428571426,20.946666666666665,6,2026,True
2026-06-10,20.6,26.1,15.1,11.0,0.0,21.314285714285713,21.043333333333337,6,2026,True
2026-06-11,19.9,25.4,15.0,10.4,0.0,20.757142857142856,21.17,6,2026,True
2026-06-12,20.9,28.0,13.7,14.3,0.0,20.857142857142854,21.23,6,2026,True
2026-06-13,22.9,31.1,13.7,17.4,0.0,21.071428571428566,21.266666666666666,6,2026,True
2026-06-14,21.6,30.3,17.0,13.3,9.2,20.885714285714283,21.263333333333332,6,2026,False
2026-06-15,23.5,31.2,16.3,14.9,0.0,21.41428571428571,21.326666666666664,6,2026,True
2026-06-16,25.7,32.2,18.7,13.5,0.0,22.157142857142855,21.466666666666665,6,2026,False
2026-06-17,24.4,31.5,20.8,10.7,2.9,22.699999999999996,21.543333333333333,6,2026,False
2026-06-18,25.1,31.2,21.2,10.0,0.9,23.442857142857143,21.673333333333336,6,2026,False
2026-06-19,25.4,31.3,20.5,10.8,10.2,24.085714285714282,21.986666666666668,6,2026,False
2026-06-20,21.8,23.4,19.9,3.5,48.3,23.928571428571423,22.15,6,2026,False
2026-06-21,22.8,27.8,18.8,9.0,0.0,24.099999999999998,22.22666666666667,6,2026,True
2026-06-22,22.4,25.7,19.6,6.1,21.1,23.94285714285714,22.353333333333335,6,2026,False
2026-06-23,22.0,26.2,17.9,8.3,0.0,23.41428571428571,22.39333333333333,6,2026,True
2026-06-24,21.8,26.0,17.9,8.1,0.0,23.04285714285714,22.34333333333333,6,2026,True
2026-06-25,22.8,26.5,19.7,6.8,0.0,22.714285714285715,22.316666666666666,6,2026,True
2026-06-26,23.0,28.4,18.2,10.2,0.0,22.37142857142857,22.363333333333333,6,2026,True
2026-06-27,24.7,31.5,18.1,13.4,0.0,22.78571428571428,22.49,6,2026,True
2026-06-28,24.8,31.5,18.7,12.8,0.0,23.071428571428573,22.636666666666667,6,2026,True
2026-06-29,25.7,31.6,19.9,11.7,0.0,23.54285714285714,22.779999999999998,6,2026,False
2026-06-30,26.2,32.2,21.1,11.1,0.0,24.142857142857142,22.886666666666667,6,2026,False
2026-07-01,23.2,27.1,21.1,6.0,2.4,24.342857142857138,22.899999999999995,7,2026,False
2026-07-02,23.4,28.8,19.2,9.6,0.4,24.428571428571427,22.913333333333334,7,2026,True
2026-07-03,24.7,29.2,20.5,8.7,0.0,24.67142857142857,22.93,7,2026,True
2026-07-04,25.6,30.6,21.6,9.0,0.0,24.799999999999994,22.99,7,2026,False
2026-07-05,24.9,28.3,22.8,5.5,14.1,24.814285714285713,23.146666666666665,7,2026,False
2026-07-06,26.0,30.0,23.6,6.4,7.5,24.857142857142854,23.3,7,2026,False
2026-07-07,27.4,32.3,22.6,9.7,11.6,25.02857142857143,23.449999999999996,7,2026,False
2026-07-08,24.4,27.2,23.2,4.0,92.4,25.199999999999996,23.603333333333335,7,2026,False
2026-07-09,23.6,25.3,22.3,3.0,119.7,25.228571428571428,23.706666666666663,7,2026,False
2026-07-10,26.4,31.9,22.4,9.5,0.1,25.471428571428564,23.9,7,2026,False
2026-07-11,28.4,34.6,23.3,11.3,0.0,25.871428571428567,24.183333333333334,7,2026,False
2026-07-12,29.2,34.3,23.8,10.5,0.0,26.485714285714288,24.459999999999997,7,2026,False
2026-07-13,28.8,32.9,24.3,8.6,0.0,26.88571428571428,24.65666666666667,7,2026,False
2026-07-14,28.2,31.1,25.5,5.6,3.7,27.0,24.876666666666665,7,2026,False
2026-07-15,26.2,29.6,23.1,6.5,5.8,27.257142857142856,24.966666666666665,7,2026,False
2026-07-16,25.6,28.7,22.4,6.3,0.1,27.54285714285714,24.96333333333333,7,2026,False
2026-07-17,25.0,28.7,23.2,5.5,22.6,27.342857142857138,24.983333333333334,7,2026,False
2026-07-18,26.2,29.2,24.1,5.1,17.6,27.02857142857143,25.019999999999996,7,2026,False
2026-07-19,25.6,30.5,22.7,7.8,0.0,26.514285714285712,25.026666666666664,7,2026,False
2026-07-20,24.8,30.7,21.4,9.3,25.4,25.94285714285714,25.12666666666667,7,2026,False
2026-07-21,26.9,30.0,24.5,5.5,3.3,25.757142857142856,25.263333333333332,7,2026,False
2026-07-22,27.1,31.6,24.9,6.7,35.6,25.885714285714283,25.42,7,2026,False
2026-07-23,27.3,32.1,24.8,7.3,0.0,26.128571428571426,25.596666666666668,7,2026,False
2026-07-24,28.4,33.0,23.8,9.2,0.0,26.61428571428571,25.816666666666666,7,2026,False
2026-07-25,28.2,32.6,25.1,7.5,0.0,26.9,25.996666666666666,7,2026,False
2026-07-26,28.9,33.8,25.4,8.4,0.1,27.37142857142857,26.19333333333333,7,2026,False
2026-07-27,28.1,32.1,24.7,7.4,0.0,27.842857142857138,26.30666666666667,7,2026,False
2026-07-28,27.9,32.4,25.2,7.2,0.0,27.985714285714284,26.41,7,2026,False
2026-07-29,27.8,32.8,24.6,8.2,0.0,28.085714285714285,26.48,7,2026,False
2026-07-30,27.5,33.1,22.9,10.2,0.0,28.11428571428571,26.52333333333333,7,2026,False
2026-07-31,28.0,32.9,23.3,9.6,0.0,28.057142857142857,26.683333333333334,7,2026,False
2026-08-01,29.4,34.5,25.4,9.1,0.0,28.228571428571424,26.883333333333333,8,2026,False
2026-08-02,28.9,34.3,24.3,10.0,0.0,28.228571428571428,27.023333333333333,8,2026,False
2026-08-03,29.7,36.1,23.7,12.4,0.0,28.457142857142856,27.16,8,2026,False
2026-08-04,29.8,36.0,25.8,10.2,0.0,28.728571428571428,27.323333333333334,8,2026,False
2026-08-05,30.5,35.6,26.6,9.0,0.0,29.11428571428571,27.473333333333336,8,2026,False
2026-08-06,30.7,35.7,26.6,9.1,0.0,29.571428571428573,27.583333333333332,8,2026,False
2026-08-07,31.1,37.0,25.5,11.5,0.0,30.014285714285712,27.806666666666665,8,2026,False
2026-08-08,29.0,36.8,24.4,12.4,2.1,29.957142857142856,27.986666666666668,8,2026,False
2026-08-09,27.6,33.0,23.7,9.3,0.0,29.77142857142857,28.026666666666664,8,2026,False
2026-08-10,27.4,30.9,24.8,6.1,0.0,29.442857142857143,27.993333333333332,8,2026,False
2026-08-11,26.0,31.2,22.7,8.5,0.0,28.9,27.886666666666667,8,2026,False
2026-08-12,25.2,30.7,18.7,12.0,0.0,28.14285714285714,27.766666666666666,8,2026,False
2026-08-13,25.5,30.9,20.2,10.7,0.0,27.4,27.67666666666667,8,2026,False
2026-08-14,26.0,30.5,21.9,8.6,0.0,26.67142857142857,27.67,8,2026,False
2026-08-15,25.2,27.4,23.7,3.7,1.7,26.128571428571426,27.656666666666663,8,2026,False
2026-08-16,24.5,28.2,22.0,6.2,38.5,25.68571428571428,27.639999999999997,8,2026,False
2026-08-17,25.3,29.1,22.4,6.7,3.9,25.385714285714283,27.610000000000003,8,2026,False
2026-08-18,26.9,32.3,23.5,8.8,0.0,25.514285714285712,27.653333333333332,8,2026,False
2026-08-19,26.6,31.4,22.0,9.4,0.0,25.71428571428571,27.71333333333333,8,2026,False
2026-08-20,26.5,30.8,24.3,6.5,1.5,25.857142857142854,27.7,8,2026,False
2026-08-21,25.2,26.7,24.1,2.6,7.8,25.74285714285714,27.636666666666663,8,2026,False
2026-08-22,25.8,32.7,22.6,10.1,32.0,25.828571428571426,27.586666666666666,8,2026,False
2026-08-23,27.3,34.4,22.3,12.1,0.0,26.228571428571428,27.55,8,2026,False
2026-08-24,28.2,33.2,24.6,8.6,0.0,26.64285714285714,27.55,8,2026,False
2026-08-25,27.3,32.2,23.1,9.1,0.0,26.7,27.496666666666666,8,2026,False
2026-08-26,28.0,33.5,23.8,9.7,0.0,26.9,27.493333333333332,8,2026,False
2026-08-27,27.5,32.3,24.7,7.6,0.0,27.04285714285714,27.48,8,2026,False
2026-08-28,26.0,31.2,24.4,6.8,77.2,27.157142857142855,27.42,8,2026,False
2026-08-29,26.5,31.4,24.5,6.9,14.2,27.257142857142856,27.386666666666667,8,2026,False
2026-08-30,25.3,28.4,22.5,5.9,11.4,26.971428571428568,27.29666666666667,8,2026,False
2026-08-31,23.4,24.8,22.5,2.3,62.9,26.28571428571428,27.096666666666668,8,2026,False
2026-09-01,25.3,28.8,22.8,6.0,4.3,26.0,26.976666666666667,9,2026,False
